
DROP TABLE IF EXISTS patients;
CREATE TABLE patients (
  patient_id VARCHAR(36),
  name VARCHAR(255),
  age INT,
  gender VARCHAR(255),
  chronic_condition VARCHAR(255),
  registration_date DATE,
  state VARCHAR(255),
  blood_pressure_systolic INT,
  blood_pressure_diastolic INT,
  cholesterol_level INT,
  hdl_cholesterol INT,
  ldl_cholesterol INT,
  triglycerides INT,
  weight_kg INT,
  height_cm INT,
  bmi DECIMAL(10,2),
  smoker VARCHAR(255),
  alcohol_consumption VARCHAR(255),
  exercise_frequency VARCHAR(255),
  diet_quality VARCHAR(255),
  insurance_type VARCHAR(255),
  income_bracket VARCHAR(255),
  education_level VARCHAR(255),
  PRIMARY KEY (patient_id)
);

INSERT INTO patients (patient_id, name, age, gender, chronic_condition, registration_date, state, blood_pressure_systolic, blood_pressure_diastolic, cholesterol_level, hdl_cholesterol, ldl_cholesterol, triglycerides, weight_kg, height_cm, bmi, smoker, alcohol_consumption, exercise_frequency, diet_quality, insurance_type, income_bracket, education_level) VALUES
('bdd640fb-0667-4ad1-9c80-317fa3b1799d', 'Daniel Doyle', 32, 'Male', 'Arthritis', '2025-07-26', 'OH', 141, 73, 202, 72, 117, 124, 79, 156, 32.5, 'No', 'Light', 'High', 'Good', 'None', 'High', 'High School'),
('0822e8f3-6c03-4199-972a-846916419f82', 'Daniel Wagner', 53, 'Male', 'Diabetes', '2021-02-25', 'OH', 104, 109, 173, 58, 172, 162, 142, 185, 41.5, 'No', 'None', 'Medium', 'Good', 'Medicare', 'High', 'Bachelor'),
('a65ed389-b74d-4fb1-b2e7-06298fadc1a6', 'Jennifer Cole', 35, 'Other', NULL, '2023-04-18', 'MA', 161, 117, 273, 65, 194, 153, 95, 194, 25.2, 'Yes', 'Moderate', 'Low', 'Good', 'Medicaid', 'Medium', 'Bachelor'),
('c241330b-01a9-471f-9e8a-774bcf36d58b', 'Melissa Peterson', 87, 'Male', 'Heart Disease', '2022-04-02', 'TX', 150, 68, 190, 42, 87, 389, 55, 169, 19.3, 'Yes', 'Moderate', 'Low', 'Fair', 'Private', 'High', 'Bachelor'),
('562b0f79-c374-49ee-b50b-ea63371ecd7b', 'James Howard', 72, 'Male', NULL, '2023-11-08', 'NY', 110, 85, 164, 61, 73, 303, 148, 150, 65.8, 'No', 'Light', 'None', 'Fair', 'Medicare', 'Medium', 'High School'),
('0b1f9163-ce9f-457f-83b7-a3a69a8dca03', 'Kimberly Dudley', 29, 'Male', 'Diabetes', '2024-02-24', 'PA', 172, 112, 194, 88, 118, 276, 86, 157, 34.9, 'No', 'Moderate', 'None', 'Fair', 'Private', 'Medium', 'Bachelor'),
('d453dd32-4b0d-4b41-8d52-88f1142c3fe8', 'Stacey Ward', 82, 'Other', NULL, '2022-07-25', 'ME', 176, 61, 214, 57, 165, 161, 73, 195, 19.2, 'Yes', 'Light', 'Medium', 'Poor', 'Medicaid', 'Medium', 'High School'),
('a9488d99-0bbb-4599-91ce-5dd2b45ed1f0', 'Dylan Miller', 89, 'Male', 'Arthritis', '2022-11-28', 'PA', 164, 79, 238, 95, 147, 148, 142, 165, 52.2, 'No', 'None', 'Medium', 'Good', 'Private', 'Low', 'Master'),
('47294739-614f-43d7-99db-3ad0ddd1dfb2', 'Roy Martin', 87, 'Female', 'Diabetes', '2023-12-13', 'GA', 164, 87, 220, 71, 188, 202, 95, 163, 35.8, 'No', 'None', 'Low', 'Fair', 'None', 'Medium', 'High School'),
('b3aa7efe-4458-4885-ab90-99a435a240ae', 'Maria Lynch', 75, 'Other', 'Hypertension', '2022-05-20', 'HI', 177, 106, 158, 74, 193, 398, 102, 161, 39.4, 'No', 'None', 'High', 'Good', 'Private', 'Medium', 'Bachelor'),
('29d4beef-3eab-4dcb-baa8-0dd488bd6407', 'Devin Schaefer', 18, 'Male', 'Arthritis', '2025-08-31', 'CA', 113, 119, 237, 91, 146, 387, 144, 172, 48.7, 'Yes', 'Light', 'Medium', 'Excellent', 'Medicaid', 'Medium', 'PhD'),
('d7c524a5-5304-417f-af42-e12f3838b326', 'Amy Underwood', 72, 'Female', 'Hypertension', '2023-08-12', 'MT', 92, 66, 278, 86, 173, 243, 148, 164, 55.0, 'Yes', 'None', 'None', 'Good', 'Private', 'High', 'Bachelor'),
('3602f8ac-10f1-4c81-848a-aa9e66b2bc5b', 'Latoya Robbins', 37, 'Male', 'Hypertension', '2022-09-26', 'CA', 111, 103, 285, 35, 119, 359, 109, 177, 34.8, 'No', 'Light', 'High', 'Fair', 'Medicaid', 'Low', 'PhD'),
('e27a984d-6548-41d0-bfcd-9eb1a7cad415', 'Judy Baker', 31, 'Male', 'Asthma', '2023-01-10', 'FL', 142, 67, 212, 57, 142, 212, 146, 183, 43.6, 'No', 'Light', 'High', 'Poor', 'Private', 'Medium', 'High School'),
('434308bc-89fa-4a68-8fb5-d27bbeb79919', 'Jessica Silva', 30, 'Female', 'Hypertension', '2024-01-03', 'AL', 91, 106, 288, 57, 52, 257, 112, 151, 49.1, 'No', 'Light', 'High', 'Excellent', 'Medicare', 'Medium', 'Master'),
('2369b584-ff5e-4ff0-bf50-bde4382567b8', 'Ann Williams', 51, 'Male', 'Arthritis', '2021-11-10', 'MN', 177, 94, 230, 73, 197, 218, 134, 181, 40.9, 'No', 'Light', 'None', 'Excellent', 'Medicare', 'Medium', 'Bachelor'),
('cac5b68c-28f4-4481-a0a0-4dc427209bdf', 'Linda Cruz', 76, 'Other', NULL, '2024-11-28', 'NC', 119, 73, 285, 59, 196, 210, 81, 172, 27.4, 'No', 'Light', 'Medium', 'Fair', 'Medicare', 'Medium', 'Master'),
('8da0365b-f898-47b9-805c-acec877409a9', 'Alexandra Le', 66, 'Male', 'Heart Disease', '2025-06-30', 'WV', 127, 76, 182, 91, 139, 117, 136, 171, 46.5, 'No', 'Light', 'Medium', 'Good', 'Medicare', 'High', 'High School'),
('a4161293-c4c2-42e3-844e-a7c8c0398710', 'Edward Moore', 55, 'Other', 'Heart Disease', '2020-12-15', 'TX', 91, 95, 272, 91, 196, 338, 82, 174, 27.1, 'Yes', 'None', 'Medium', 'Poor', 'Medicare', 'Medium', 'High School'),
('b83cfe0b-e037-45ed-b8db-0672f42d47cc', 'Jonathan White', 64, 'Other', 'Diabetes', '2021-10-31', 'FL', 153, 109, 154, 30, 197, 326, 116, 171, 39.7, 'No', 'Light', 'High', 'Fair', 'Private', 'Low', 'High School'),
('d777a477-4c66-40a8-a013-ac6ededa4e16', 'Lisa Hernandez', 26, 'Male', 'Arthritis', '2022-04-20', 'ND', 149, 99, 190, 56, 145, 353, 67, 171, 22.9, 'Yes', 'Light', 'Medium', 'Fair', 'Private', 'Low', 'Bachelor'),
('ec24a3c5-c754-408f-b418-8f3f8a14be62', 'April Nguyen', 47, 'Female', NULL, '2021-02-03', 'OH', 110, 63, 177, 91, 101, 184, 74, 198, 18.9, 'Yes', 'Light', 'High', 'Fair', 'Medicaid', 'Medium', 'Master'),
('e0f3eab0-5cec-4eb5-add9-68311ca35cfb', 'Dr. Cynthia Allen', 47, 'Male', 'Asthma', '2025-10-02', 'CA', 122, 61, 284, 32, 177, 244, 144, 191, 39.5, 'No', 'Heavy', 'High', 'Excellent', 'None', 'Medium', 'Master'),
('bb5e4bcf-15ed-4269-9429-6c07f26b4776', 'Mr. Philip Cannon', 53, 'Female', 'Arthritis', '2022-01-07', 'CA', 165, 65, 221, 99, 88, 177, 103, 155, 42.9, 'Yes', 'None', 'High', 'Good', 'Private', 'Low', 'High School'),
('8cbfedb0-f264-4ccc-b9ac-1b1ea8e56e0c', 'Joseph Obrien', 64, 'Male', 'Hypertension', '2022-09-24', 'MS', 147, 113, 161, 56, 131, 82, 107, 164, 39.8, 'Yes', 'Light', 'Low', 'Fair', 'Medicaid', 'Medium', 'Master'),
('badcc32a-c159-4f53-8a0f-4efbedcd465e', 'Michelle Ross', 63, 'Male', 'Arthritis', '2024-02-08', 'NC', 111, 101, 182, 38, 153, 225, 116, 192, 31.5, 'No', 'Heavy', 'Low', 'Good', 'Medicaid', 'Medium', 'Bachelor'),
('7394988f-847f-49b4-a64d-1bcb702753a1', 'Danny Morgan', 52, 'Other', 'Arthritis', '2025-08-21', 'CT', 178, 63, 197, 91, 178, 71, 95, 186, 27.5, 'No', 'Light', 'Low', 'Excellent', 'Private', 'Medium', 'Bachelor'),
('01d74256-3860-4ab6-96a4-02f23ae8cc93', 'Mark Perez', 27, 'Other', 'Arthritis', '2021-03-12', 'CA', 138, 113, 211, 66, 60, 287, 73, 182, 22.0, 'Yes', 'Light', 'High', 'Excellent', 'Medicare', 'Medium', 'High School'),
('839fbc50-1223-4513-9496-f63cdc1110c1', 'Michael Lewis', 39, 'Other', 'Arthritis', '2022-01-20', 'NY', 148, 88, 186, 80, 91, 207, 81, 157, 32.9, 'Yes', 'Light', 'None', 'Poor', 'Medicare', 'Medium', 'Master'),
('922fe15a-e1e3-4b63-af7d-dc76b92da22b', 'Dana Kennedy', 49, 'Male', 'Asthma', '2024-05-22', 'CA', 131, 77, 248, 73, 148, 87, 96, 193, 25.8, 'No', 'Light', 'Medium', 'Fair', 'Private', 'Medium', 'High School'),
('a8b317fa-18d0-452b-9825-bc5430beb45f', 'Jeff Owens', 66, 'Female', 'Arthritis', '2021-05-22', 'HI', 149, 85, 253, 53, 56, 279, 135, 193, 36.2, 'No', 'Moderate', 'Low', 'Poor', 'Private', 'Medium', 'Bachelor'),
('a56c0941-fbf2-4050-a748-dbcfac619e63', 'James Morgan', 89, 'Male', 'Arthritis', '2021-11-09', 'HI', 169, 103, 184, 88, 193, 100, 72, 154, 30.4, 'No', 'None', 'Medium', 'Fair', 'Medicare', 'Low', 'Master'),
('894a05e4-30b1-47ef-b10c-0c003fa7f104', 'Javier Ramirez', 59, 'Male', 'Diabetes', '2023-01-20', 'VT', 104, 93, 250, 61, 139, 313, 115, 188, 32.5, 'No', 'None', 'High', 'Fair', 'Medicaid', 'Medium', 'High School'),
('71710434-134c-4c92-ac5b-227cdfde4fbf', 'Savannah Garcia', 22, 'Female', 'Asthma', '2025-07-11', 'CA', 151, 69, 280, 81, 161, 332, 76, 153, 32.5, 'No', 'Light', 'High', 'Good', 'Medicaid', 'Medium', 'Bachelor'),
('17e011b7-f810-4383-83c7-2ba8d605e770', 'Sarah Martin', 52, 'Male', 'Diabetes', '2025-01-21', 'MA', 151, 95, 150, 91, 109, 76, 51, 155, 21.2, 'Yes', 'Moderate', 'Low', 'Fair', 'Medicare', 'High', 'High School'),
('66aa9385-dd59-4a71-b6b8-24817b3a4e3e', 'Carmen Smith', 90, 'Other', 'Hypertension', '2024-03-31', 'TX', 136, 73, 154, 87, 162, 275, 139, 194, 36.9, 'No', 'Light', 'High', 'Fair', 'Private', 'Medium', 'Bachelor'),
('c8fe3ccd-c8b8-49c6-ad30-49cf43e458fc', 'Jay Bernard', 45, 'Other', 'Asthma', '2025-08-27', 'OH', 151, 90, 291, 81, 51, 326, 66, 181, 20.1, 'No', 'None', 'Medium', 'Fair', 'Medicare', 'High', 'Bachelor'),
('27a0c3d7-7c96-4f79-b7e9-9acaa97065e1', 'Daniel Brown', 68, 'Other', 'Asthma', '2025-07-16', 'CA', 140, 107, 252, 41, 178, 335, 82, 179, 25.6, 'No', 'Light', 'Low', 'Fair', 'Private', 'Medium', 'Bachelor'),
('0ea2622b-5048-47ba-bf7b-539b0f9aea4b', 'John Calhoun', 36, 'Female', 'Diabetes', '2025-06-12', 'MD', 144, 74, 176, 68, 97, 146, 58, 196, 15.1, 'Yes', 'Moderate', 'Medium', 'Fair', 'Private', 'Low', 'Bachelor'),
('82010c62-f5f5-4b22-8e8f-a8e0284d82e5', 'Cody Larson', 49, 'Other', 'Heart Disease', '2022-12-05', 'TX', 153, 67, 286, 31, 189, 333, 92, 184, 27.2, 'No', 'None', 'Low', 'Fair', 'Medicaid', 'High', 'Bachelor'),
('e3e9de99-f10c-418b-9eb0-e38a675dd5af', 'Lauren Williams', 86, 'Female', 'Arthritis', '2021-08-16', 'NY', 92, 73, 164, 32, 86, 366, 97, 189, 27.2, 'No', 'Light', 'Low', 'Poor', 'Private', 'Medium', 'Bachelor'),
('90b2b633-956b-4c0c-a849-9b926b5252e3', 'Taylor Harris', 72, 'Other', 'Asthma', '2023-08-08', 'MT', 140, 82, 239, 85, 58, 353, 88, 165, 32.3, 'No', 'Light', 'Medium', 'Fair', 'Medicaid', 'Medium', 'Master'),
('21813d25-6552-48a6-83ff-50113d1a85dd', 'Elizabeth Stewart', 64, 'Male', 'Diabetes', '2021-07-18', 'TX', 96, 119, 191, 88, 148, 196, 142, 162, 54.1, 'No', 'Light', 'Low', 'Fair', 'None', 'Low', 'Bachelor'),
('ff9ab5c2-9f04-4aed-b552-332702627f73', 'Ariel Medina', 83, 'Female', NULL, '2025-03-25', 'AR', 110, 116, 273, 31, 196, 53, 91, 199, 23.0, 'No', 'Light', 'Low', 'Good', 'Medicare', 'Medium', 'Bachelor'),
('5958a499-eeea-463e-a1e8-ac6843e42caf', 'Sherry Wood', 24, 'Male', 'Diabetes', '2022-04-09', 'MI', 162, 99, 212, 31, 97, 84, 75, 191, 20.6, 'No', 'None', 'Low', 'Fair', 'Medicaid', 'Medium', 'Bachelor'),
('b41b3143-8b10-450c-9570-4f32702cdd20', 'William Roman', 38, 'Other', 'Asthma', '2025-06-05', 'CA', 128, 80, 245, 83, 180, 241, 148, 179, 46.2, 'No', 'None', 'Low', 'Poor', 'Private', 'Medium', 'Bachelor'),
('8dfa6a56-d12d-4c9a-aaf9-15310200b1f0', 'Matthew Mcmillan', 26, 'Female', 'Asthma', '2022-01-26', 'TX', 107, 75, 201, 30, 197, 98, 99, 168, 35.1, 'No', 'None', 'Low', 'Poor', 'Private', 'High', 'Bachelor'),
('1b66b5a9-e3c4-4657-9d8c-bbac43b409ef', 'Brittney Campbell', 77, 'Other', 'Hypertension', '2022-09-20', 'ID', 93, 104, 245, 48, 103, 66, 74, 166, 26.9, 'No', 'Heavy', 'Medium', 'Excellent', 'Private', 'Low', 'Master'),
('afffcfd2-341e-440b-97c7-00aab7b56ea7', 'Deborah Freeman', 88, 'Male', 'Arthritis', '2021-05-11', 'KY', 178, 77, 281, 31, 169, 221, 73, 168, 25.9, 'No', 'Moderate', 'Medium', 'Fair', 'Medicaid', 'Medium', 'Bachelor'),
('d450281c-6c6f-4633-a260-772317a0df49', 'Aaron Wise', 32, 'Other', 'Heart Disease', '2023-02-26', 'MN', 149, 106, 292, 82, 165, 269, 62, 177, 19.8, 'No', 'Light', 'Medium', 'Good', 'Private', 'Medium', 'High School');

DROP TABLE IF EXISTS visits;
CREATE TABLE visits (
  visit_id VARCHAR(36),
  patient_id VARCHAR(36),
  visit_date DATE,
  diagnosis VARCHAR(255),
  procedure VARCHAR(255),
  doctor_name VARCHAR(255),
  visit_duration_minutes INT,
  satisfaction_score INT,
  wait_time_minutes INT,
  follow_up_required VARCHAR(255),
  severity_level VARCHAR(255),
  visit_type VARCHAR(255),
  referral_needed VARCHAR(255),
  medications_prescribed INT,
  PRIMARY KEY (visit_id)
);

INSERT INTO visits (visit_id, patient_id, visit_date, diagnosis, procedure, doctor_name, visit_duration_minutes, satisfaction_score, wait_time_minutes, follow_up_required, severity_level, visit_type, referral_needed, medications_prescribed) VALUES
('b4a69f3c-8d3a-4d99-b11c-21c9bdc14f1f', 'afffcfd2-341e-440b-97c7-00aab7b56ea7', '2024-04-09', 'Fracture', 'Surgery', 'Dr. Patterson', 117, 5, 53, 'No', 'Low', 'Walk-in', 'No', 5),
('e21342b0-f1ee-4ba3-9343-2e611ca3c448', 'ec24a3c5-c754-408f-b418-8f3f8a14be62', '2023-12-13', 'Flu', 'Blood Test', 'Dr. Vazquez', 66, 3, 34, 'No', 'Critical', 'Scheduled', 'No', 4),
('5e84f058-d5a8-44eb-8939-23de8babce3b', '01d74256-3860-4ab6-96a4-02f23ae8cc93', '2024-03-30', 'Checkup', 'Vaccination', 'Dr. Aguilar', 107, 1, 15, 'Yes', 'Medium', 'Walk-in', 'No', 6),
('4eea04e7-0ab5-4bde-a0a0-45026e068097', 'bdd640fb-0667-4ad1-9c80-317fa3b1799d', '2024-03-30', 'Migraine', 'Surgery', 'Dr. Diaz', 29, 5, 40, 'No', 'Low', 'Scheduled', 'Yes', 1),
('0a368ce7-dc57-4131-b8e1-daa7cbceabde', 'cac5b68c-28f4-4481-a0a0-4dc427209bdf', '2025-11-29', 'Covid-19', 'X-Ray', 'Dr. Nolan', 86, 10, 35, 'No', 'High', 'Scheduled', 'No', 6),
('1a50aec3-aabc-45fa-bfe1-2e47ae9bec36', '894a05e4-30b1-47ef-b10c-0c003fa7f104', '2024-05-17', 'Flu', 'Surgery', 'Dr. Gomez', 75, 7, 32, 'No', 'Medium', 'Walk-in', 'No', 9),
('f94d6204-6808-493f-9fed-2c43e256a6dc', 'b83cfe0b-e037-45ed-b8db-0672f42d47cc', '2025-02-12', 'Sprain', 'Surgery', 'Dr. Oliver', 35, 7, 3, 'Yes', 'Low', 'Scheduled', 'No', 6),
('dd56cc94-3c9a-414c-ae0c-aeb5ecfedb99', '894a05e4-30b1-47ef-b10c-0c003fa7f104', '2024-04-04', 'Covid-19', 'X-Ray', 'Dr. Martin', 117, 9, 32, 'No', 'High', 'Scheduled', 'No', '0'),
('698c206f-e1a4-4e10-ad53-4dd0cf8ebc5a', 'b3aa7efe-4458-4885-ab90-99a435a240ae', '2025-08-18', 'Fracture', 'X-Ray', 'Dr. Johnson', 97, 10, 13, 'No', 'Low', 'Emergency', 'No', 6),
('ee49f329-c84a-4b28-950a-1b46ecab3301', '17e011b7-f810-4383-83c7-2ba8d605e770', '2025-06-30', 'Sprain', 'MRI', 'Dr. Jenkins', 101, 10, 20, 'Yes', 'Low', 'Scheduled', 'No', 4),
('3f87e362-cf8d-446a-bc2c-bb0ddd334cc7', 'bdd640fb-0667-4ad1-9c80-317fa3b1799d', '2025-05-09', 'Covid-19', 'Blood Test', 'Dr. Adams', 89, 3, 47, 'Yes', 'Medium', 'Scheduled', 'Yes', 2),
('df465290-61ee-411a-9bac-27a7b386f7a4', 'a56c0941-fbf2-4050-a748-dbcfac619e63', '2025-08-08', 'Flu', 'Consultation', 'Dr. Williams', 89, 7, 19, 'No', 'Low', 'Scheduled', 'No', 2),
('eb1fa9f2-d10b-41d0-b317-347038f16a81', 'bb5e4bcf-15ed-4269-9429-6c07f26b4776', '2024-12-05', 'Sprain', 'Blood Test', 'Dr. Stevens', 102, 1, 55, 'No', 'Medium', 'Walk-in', 'No', 3),
('3a43b2ba-df0f-46cb-8b9b-c326d20eac17', '2369b584-ff5e-4ff0-bf50-bde4382567b8', '2024-07-30', 'Flu', 'X-Ray', 'Dr. Walker', 114, 4, 7, 'Yes', 'Medium', 'Emergency', 'No', 1),
('475287aa-5408-49ac-a601-ddd03170f437', 'c8fe3ccd-c8b8-49c6-ad30-49cf43e458fc', '2025-05-01', 'Flu', 'Consultation', 'Dr. Lin', 118, 4, 6, 'No', 'High', 'Scheduled', 'No', 1),
('8268690b-a438-45b5-99e4-b6714774bc58', '8dfa6a56-d12d-4c9a-aaf9-15310200b1f0', '2025-07-28', 'Viral Infection', 'Consultation', 'Dr. Ross', 38, 5, 2, 'No', 'High', 'Scheduled', 'No', '0'),
('0710d430-f071-4879-94c6-3cd889456f27', 'afffcfd2-341e-440b-97c7-00aab7b56ea7', '2025-09-21', 'Covid-19', 'X-Ray', 'Dr. Wilson', 17, 7, 16, 'No', 'High', 'Emergency', 'No', 4),
('fbc9f87a-f668-4617-94a1-875d2db69edb', '47294739-614f-43d7-99db-3ad0ddd1dfb2', '2024-06-25', 'Migraine', 'Vaccination', 'Dr. Baker', 36, 7, 32, 'Yes', 'High', 'Scheduled', 'No', 3),
('ba81edd9-587e-4344-af3f-920c98b8e4cc', '66aa9385-dd59-4a71-b6b8-24817b3a4e3e', '2024-02-28', 'Checkup', 'Blood Test', 'Dr. Hartman', 67, 4, 47, 'Yes', 'Medium', 'Scheduled', 'No', 9),
('1d9af659-82ec-4f2d-bbf6-e16f9b3080d5', '71710434-134c-4c92-ac5b-227cdfde4fbf', '2024-11-08', 'Sprain', 'MRI', 'Dr. Cruz', 16, 7, 11, 'Yes', 'Low', 'Scheduled', 'Yes', 1),
('b572f3d0-0b5c-4a6a-8135-7e8c30a900ad', '01d74256-3860-4ab6-96a4-02f23ae8cc93', '2025-02-25', 'Checkup', 'MRI', 'Dr. Graham', 102, 3, 58, 'No', 'Medium', 'Scheduled', 'No', 2),
('afd5dea5-89d7-4d6c-8e77-7f00ecf27e76', 'afffcfd2-341e-440b-97c7-00aab7b56ea7', '2025-01-12', 'Migraine', 'Surgery', 'Dr. Ball', 44, 6, 50, 'No', 'Medium', 'Scheduled', 'No', 6),
('5d3d9e56-3270-44fa-abae-4f43bcae8081', '3602f8ac-10f1-4c81-848a-aa9e66b2bc5b', '2025-07-04', 'Migraine', 'Blood Test', 'Dr. Reynolds', 52, 2, 21, 'Yes', 'Low', 'Emergency', 'No', 6),
('505cc686-9f87-4ce7-9487-fd4febb7a385', 'badcc32a-c159-4f53-8a0f-4efbedcd465e', '2025-05-04', 'Migraine', 'Surgery', 'Dr. Alvarado', 16, 10, 54, 'No', 'Medium', 'Walk-in', 'No', 3),
('81d2c7de-4ce1-4b90-a669-7833b841d0a0', 'bb5e4bcf-15ed-4269-9429-6c07f26b4776', '2024-03-11', 'Viral Infection', 'MRI', 'Dr. Parker', 78, 9, 21, 'No', 'Medium', 'Emergency', 'Yes', 4),
('4bb00f20-b27c-4026-a703-b6365380b904', '839fbc50-1223-4513-9496-f63cdc1110c1', '2024-10-18', 'Flu', 'X-Ray', 'Dr. Spencer', 74, 5, 45, 'Yes', 'High', 'Scheduled', 'No', 4),
('610faa3f-f0bb-4c67-aa38-d0a16ba25efe', '434308bc-89fa-4a68-8fb5-d27bbeb79919', '2024-05-03', 'Flu', 'Blood Test', 'Dr. Byrd', 35, 6, 29, 'Yes', 'Critical', 'Walk-in', 'No', 5),
('4d0b0d1a-91b0-41d9-9d92-62af2c8d0e44', '0822e8f3-6c03-4199-972a-846916419f82', '2025-11-06', 'Covid-19', 'MRI', 'Dr. Sullivan', 47, 4, 37, 'Yes', 'Medium', 'Scheduled', 'No', 8),
('35ce8841-4973-4d6c-8dca-bfb7001a9a8b', '434308bc-89fa-4a68-8fb5-d27bbeb79919', '2025-09-13', 'Covid-19', 'X-Ray', 'Dr. Jordan', 90, 10, 37, 'No', 'Low', 'Walk-in', 'No', 1),
('77097749-527e-4cfa-a79a-c9aa9b4e2c24', 'bdd640fb-0667-4ad1-9c80-317fa3b1799d', '2025-02-28', 'Flu', 'Surgery', 'Dr. Ramos', 72, 7, 44, 'No', 'Low', 'Scheduled', 'No', 4),
('cb323e35-7922-4ac2-82dc-4c8e36b5229a', 'e3e9de99-f10c-418b-9eb0-e38a675dd5af', '2025-05-13', 'Flu', 'X-Ray', 'Dr. Santana', 36, 9, 50, 'No', 'Critical', 'Walk-in', 'No', 2),
('15b52908-a8aa-4158-ab70-e525bc67f831', '562b0f79-c374-49ee-b50b-ea63371ecd7b', '2025-08-15', 'Flu', 'Blood Test', 'Dr. Campbell', 103, 7, 53, 'No', 'Critical', 'Scheduled', 'No', 3),
('17e8392a-55ce-45db-9e87-e04ca2086977', '562b0f79-c374-49ee-b50b-ea63371ecd7b', '2025-05-04', 'Covid-19', 'X-Ray', 'Dr. Cardenas', 63, 1, 7, 'No', 'Low', 'Scheduled', 'No', 9),
('39820cff-4f77-4665-ac3c-56403c20592f', '8da0365b-f898-47b9-805c-acec877409a9', '2025-07-11', 'Migraine', 'Vaccination', 'Dr. Drake', 105, 1, 26, 'No', 'Medium', 'Emergency', 'No', 5),
('fbe33b24-3eae-4032-8bd4-a9900640be0f', 'e27a984d-6548-41d0-bfcd-9eb1a7cad415', '2024-03-29', 'Covid-19', 'X-Ray', 'Dr. Alvarez', 73, 9, 26, 'Yes', 'Low', 'Emergency', 'Yes', 7),
('6a18ce4c-7496-4764-92a4-def0c4bbb7a9', '8dfa6a56-d12d-4c9a-aaf9-15310200b1f0', '2025-09-26', 'Covid-19', 'MRI', 'Dr. Mercado', 56, 9, 33, 'No', 'Low', 'Emergency', 'No', '0'),
('624c69b6-b244-45a7-b7e5-848131c681ec', 'a8b317fa-18d0-452b-9825-bc5430beb45f', '2025-02-25', 'Checkup', 'Vaccination', 'Dr. Snyder', 106, 4, 20, 'Yes', 'Low', 'Scheduled', 'No', 9),
('016b6287-b008-45cc-a7f3-6ae925c73c44', '7394988f-847f-49b4-a64d-1bcb702753a1', '2024-06-12', 'Checkup', 'Consultation', 'Dr. Stafford', 74, 9, 29, 'Yes', 'Low', 'Walk-in', 'No', 7),
('c7468f59-1b49-4e15-a2ad-d909c521bf2d', 'd453dd32-4b0d-4b41-8d52-88f1142c3fe8', '2025-10-04', 'Migraine', 'Vaccination', 'Dr. Coleman', 94, 3, 32, 'No', 'Critical', 'Scheduled', 'No', 6),
('8498e113-b227-462c-b53d-4330cdda24ba', 'e0f3eab0-5cec-4eb5-add9-68311ca35cfb', '2024-04-20', 'Viral Infection', 'Vaccination', 'Dr. Marshall', 29, 7, 27, 'Yes', 'Medium', 'Emergency', 'No', '0'),
('1f115b76-d92c-4227-aadf-50853fcb7546', '922fe15a-e1e3-4b63-af7d-dc76b92da22b', '2025-02-10', 'Sprain', 'Surgery', 'Dr. Bryant', 76, 6, 46, 'Yes', 'Low', 'Walk-in', 'No', 1),
('fce68504-87f8-424d-aae6-5fc176f2dbfe', 'c241330b-01a9-471f-9e8a-774bcf36d58b', '2025-08-19', 'Migraine', 'Surgery', 'Dr. Hansen', 76, 8, 32, 'No', 'High', 'Scheduled', 'No', 2),
('714c7df4-e434-4d51-8158-1092f335cba3', '90b2b633-956b-4c0c-a849-9b926b5252e3', '2024-08-08', 'Flu', 'Consultation', 'Dr. Salazar', 61, 9, 4, 'No', 'Critical', 'Scheduled', 'No', '0'),
('d4a02e53-6d3e-41dc-8139-2443e45b712e', 'badcc32a-c159-4f53-8a0f-4efbedcd465e', '2025-06-16', 'Migraine', 'Blood Test', 'Dr. Meadows', 76, 5, 59, 'Yes', 'Critical', 'Emergency', 'No', 8),
('dc8aee30-be60-43f7-a8be-9288e5af6e39', 'd453dd32-4b0d-4b41-8d52-88f1142c3fe8', '2024-11-16', 'Checkup', 'X-Ray', 'Dr. Wells', 65, 1, 47, 'Yes', 'Low', 'Scheduled', 'No', 7),
('a33dc7af-d701-410d-bf4b-1a70c074718e', '3602f8ac-10f1-4c81-848a-aa9e66b2bc5b', '2024-06-24', 'Covid-19', 'Vaccination', 'Dr. Ramirez', 69, 3, 18, 'No', 'Low', 'Scheduled', 'No', 1),
('3d3f3799-a072-45e9-bc0e-8cd88573e793', '47294739-614f-43d7-99db-3ad0ddd1dfb2', '2025-08-01', 'Viral Infection', 'X-Ray', 'Dr. Hill', 78, 10, 3, 'No', 'Low', 'Scheduled', 'No', 8),
('458f1f19-3c07-4574-8925-7af1b6aae05b', '8da0365b-f898-47b9-805c-acec877409a9', '2024-02-04', 'Viral Infection', 'X-Ray', 'Dr. Rogers', 17, 8, 34, 'No', 'Low', 'Walk-in', 'Yes', 6),
('269cd696-236c-4b87-94a0-bccb8a476a87', '562b0f79-c374-49ee-b50b-ea63371ecd7b', '2025-10-29', 'Viral Infection', 'MRI', 'Dr. Hall', 115, 6, 48, 'No', 'Low', 'Emergency', 'Yes', 8),
('10714d51-36c5-4dac-b4d7-e28e271e3ee2', 'd453dd32-4b0d-4b41-8d52-88f1142c3fe8', '2025-05-28', 'Flu', 'Surgery', 'Dr. Perry', 65, 8, 16, 'No', 'Medium', 'Scheduled', 'No', 5),
('0ff0a55c-6a70-4e2f-b746-d0ba8ae8905b', '17e011b7-f810-4383-83c7-2ba8d605e770', '2024-08-19', 'Sprain', 'Consultation', 'Dr. Clark', 21, 9, 43, 'Yes', 'Low', 'Scheduled', 'No', 5),
('95863a76-c511-45ff-a7a3-7e8163b4c08b', '0b1f9163-ce9f-457f-83b7-a3a69a8dca03', '2024-10-27', 'Sprain', 'X-Ray', 'Dr. Shah', 35, 4, 27, 'No', 'Low', 'Scheduled', 'No', 3),
('9360715f-c3fe-4183-a172-b725db52ca58', '29d4beef-3eab-4dcb-baa8-0dd488bd6407', '2023-12-21', 'Viral Infection', 'Vaccination', 'Dr. James', 87, 1, 29, 'No', 'Low', 'Scheduled', 'Yes', 9),
('c0e3befd-4c71-40fe-9a0c-dd7cf1578470', 'a8b317fa-18d0-452b-9825-bc5430beb45f', '2023-12-10', 'Checkup', 'Vaccination', 'Dr. Price', 53, 1, 28, 'Yes', 'Low', 'Scheduled', 'No', 9),
('89c8d2ab-6b44-4a8d-95f2-5073f41402b1', 'c241330b-01a9-471f-9e8a-774bcf36d58b', '2025-10-28', 'Checkup', 'Vaccination', 'Dr. Adkins', 32, 10, 45, 'Yes', 'Low', 'Scheduled', 'No', 1),
('3875394c-e5d6-46e6-9a6e-c2f5ccc42903', 'bdd640fb-0667-4ad1-9c80-317fa3b1799d', '2025-02-02', 'Viral Infection', 'Blood Test', 'Dr. Freeman', 18, 4, 52, 'No', 'Medium', 'Scheduled', 'Yes', 6),
('638c254c-076e-4bba-bc53-08bf6f92f25e', '922fe15a-e1e3-4b63-af7d-dc76b92da22b', '2024-07-04', 'Fracture', 'Vaccination', 'Dr. Rogers', 103, 7, 5, 'No', 'Low', 'Scheduled', 'No', 4),
('2a405f12-b963-437f-a781-4c1fcc530e36', '5958a499-eeea-463e-a1e8-ac6843e42caf', '2025-05-16', 'Migraine', 'MRI', 'Dr. Pittman', 74, 2, 34, 'No', 'Low', 'Scheduled', 'No', 5),
('88bc539c-9f4c-4b79-bb10-987f20ac3703', '21813d25-6552-48a6-83ff-50113d1a85dd', '2025-11-19', 'Migraine', 'Vaccination', 'Dr. Johnson', 28, 3, 59, 'No', 'Medium', 'Scheduled', 'No', 1),
('06f028ff-a9ba-4a27-907b-fe36978648f8', 'b3aa7efe-4458-4885-ab90-99a435a240ae', '2024-10-07', 'Checkup', 'Blood Test', 'Dr. Miller', 23, 1, 40, 'No', 'Medium', 'Scheduled', 'Yes', 4),
('2e85cb21-7631-4e9d-9de9-f86322bd3388', 'e27a984d-6548-41d0-bfcd-9eb1a7cad415', '2024-11-02', 'Flu', 'MRI', 'Dr. Williams', 104, 5, 36, 'No', 'Low', 'Scheduled', 'Yes', 9),
('53ac2ab9-7467-4cd9-b62f-5e5c53cd6268', '1b66b5a9-e3c4-4657-9d8c-bbac43b409ef', '2024-09-25', 'Covid-19', 'Consultation', 'Dr. Rogers', 67, 1, 23, 'No', 'Low', 'Scheduled', 'Yes', 3),
('f3821cfd-c083-473a-873b-d358610e6a64', '1b66b5a9-e3c4-4657-9d8c-bbac43b409ef', '2025-10-19', 'Fracture', 'Consultation', 'Dr. Decker', 16, 8, 28, 'No', 'Low', 'Scheduled', 'No', 8),
('04f64d86-7866-4765-94f7-ce8dd5bcb8d0', 'c241330b-01a9-471f-9e8a-774bcf36d58b', '2024-06-18', 'Covid-19', 'Vaccination', 'Dr. Curry', 98, 1, 48, 'No', 'Critical', 'Walk-in', 'No', 5),
('39669fa7-5997-4043-b3b1-025bfff9f585', '894a05e4-30b1-47ef-b10c-0c003fa7f104', '2024-01-15', 'Sprain', 'MRI', 'Dr. Santos', 106, 1, 45, 'No', 'Medium', 'Scheduled', 'Yes', 1),
('c1156d6d-0a4e-4b70-a6d9-64a3f510ab53', '29d4beef-3eab-4dcb-baa8-0dd488bd6407', '2025-08-03', 'Flu', 'MRI', 'Dr. Johnson', 74, 2, 52, 'No', 'Medium', 'Scheduled', 'No', '0'),
('9f0fda8d-0537-4ff6-96d7-b3b833094d35', '0b1f9163-ce9f-457f-83b7-a3a69a8dca03', '2024-06-15', 'Sprain', 'X-Ray', 'Dr. Hernandez', 85, 2, 30, 'No', 'Critical', 'Scheduled', 'Yes', 4),
('90604f62-1d48-4071-ab61-a7b1793b4c32', '562b0f79-c374-49ee-b50b-ea63371ecd7b', '2024-03-13', 'Covid-19', 'Consultation', 'Dr. Gould', 58, 6, 34, 'Yes', 'Low', 'Scheduled', 'Yes', 8),
('5e6fea07-c453-4f1d-8199-2fdfb31022f0', 'ff9ab5c2-9f04-4aed-b552-332702627f73', '2024-12-01', 'Sprain', 'X-Ray', 'Dr. Jackson', 22, 7, 59, 'No', 'High', 'Walk-in', 'No', 5),
('1d5206ab-b7e6-427c-bf78-0e3ff6b751f7', 'badcc32a-c159-4f53-8a0f-4efbedcd465e', '2025-03-21', 'Flu', 'MRI', 'Dr. Strickland', 61, 5, 32, 'No', 'Medium', 'Emergency', 'No', 9),
('9424aed5-1bac-4c15-8fa0-3f26f6f7f0cc', '2369b584-ff5e-4ff0-bf50-bde4382567b8', '2024-04-11', 'Covid-19', 'MRI', 'Dr. Johnson', 49, 1, 51, 'No', 'Low', 'Scheduled', 'No', 6),
('f54ad0a2-e874-46d7-ad66-a1bd93676a02', 'a65ed389-b74d-4fb1-b2e7-06298fadc1a6', '2024-08-04', 'Covid-19', 'Consultation', 'Dr. Brooks', 92, 1, 20, 'No', 'Medium', 'Scheduled', 'No', 4),
('b0cc1b3b-9793-49b4-9374-814632c5bd89', '7394988f-847f-49b4-a64d-1bcb702753a1', '2025-06-13', 'Migraine', 'MRI', 'Dr. Rivas', 95, 3, 31, 'No', 'High', 'Scheduled', 'No', 9),
('4d3485c5-c5c1-4eb4-b27b-3d901a16342c', 'c8fe3ccd-c8b8-49c6-ad30-49cf43e458fc', '2024-06-11', 'Covid-19', 'Blood Test', 'Dr. Jefferson', 50, 2, 22, 'Yes', 'Medium', 'Walk-in', 'No', 5),
('fbdd3933-cbd5-4bf6-9efd-76e9ce3714af', 'cac5b68c-28f4-4481-a0a0-4dc427209bdf', '2025-03-16', 'Checkup', 'Surgery', 'Dr. Knight', 64, 5, 32, 'Yes', 'Critical', 'Emergency', 'No', 4),
('a9597663-6daa-4e68-8861-fe1858e25888', 'b41b3143-8b10-450c-9570-4f32702cdd20', '2024-01-06', 'Fracture', 'X-Ray', 'Dr. Wood', 118, 10, 2, 'Yes', 'Low', 'Walk-in', 'No', 8),
('d97dc9cd-033d-4bce-975a-ed2ca5c5650c', 'cac5b68c-28f4-4481-a0a0-4dc427209bdf', '2025-01-01', 'Viral Infection', 'X-Ray', 'Dr. Fisher', 18, 6, 17, 'No', 'High', 'Emergency', 'No', 5),
('5cb85aed-f5f6-4c97-aefb-63b11b049863', '21813d25-6552-48a6-83ff-50113d1a85dd', '2024-12-20', 'Migraine', 'Blood Test', 'Dr. Reid', 16, 7, 24, 'Yes', 'Low', 'Walk-in', 'No', 7),
('6f7c15ea-272a-4d8e-b512-2df875b17a55', '922fe15a-e1e3-4b63-af7d-dc76b92da22b', '2025-09-09', 'Fracture', 'Consultation', 'Dr. Thompson', 20, 4, 41, 'No', 'High', 'Emergency', 'Yes', 1),
('9dac6e83-4524-4ea6-a684-6099f7294951', 'bdd640fb-0667-4ad1-9c80-317fa3b1799d', '2025-01-14', 'Viral Infection', 'MRI', 'Dr. Morton', 68, 7, 30, 'No', 'Medium', 'Emergency', 'No', 8),
('6f81cf4f-7701-47bb-bbc6-7e1fc64ee6e3', 'c8fe3ccd-c8b8-49c6-ad30-49cf43e458fc', '2025-01-27', 'Flu', 'Consultation', 'Dr. Petersen', 18, 8, 53, 'No', 'Low', 'Scheduled', 'No', 4),
('3ed8c56c-da09-4fa0-9282-8d8044b591f7', '17e011b7-f810-4383-83c7-2ba8d605e770', '2025-03-10', 'Checkup', 'MRI', 'Dr. Rivas', 68, 1, 57, 'No', 'Low', 'Walk-in', 'No', 6),
('3e6dd58b-7367-428d-a1b2-94de4767d76c', 'cac5b68c-28f4-4481-a0a0-4dc427209bdf', '2024-02-11', 'Checkup', 'Blood Test', 'Dr. Christensen', 107, 6, 2, 'No', 'Low', 'Walk-in', 'No', 9),
('561e16d1-6105-416b-ab0e-664e9c3eb2d5', '562b0f79-c374-49ee-b50b-ea63371ecd7b', '2025-02-20', 'Checkup', 'Blood Test', 'Dr. Johnson', 77, 8, 39, 'No', 'Low', 'Scheduled', 'No', '0'),
('364d7c87-7cd0-429d-ae8d-0e87533420e6', 'a4161293-c4c2-42e3-844e-a7c8c0398710', '2025-09-26', 'Checkup', 'Vaccination', 'Dr. Kelly', 32, 5, 45, 'Yes', 'Low', 'Walk-in', 'No', 9),
('989d9d4a-e15c-4666-8797-b2c957207246', '17e011b7-f810-4383-83c7-2ba8d605e770', '2024-06-23', 'Migraine', 'Blood Test', 'Dr. Haynes', 104, 4, 23, 'No', 'Medium', 'Emergency', 'No', 4),
('f2b43abf-8441-4efd-8299-436a8e485223', '82010c62-f5f5-4b22-8e8f-a8e0284d82e5', '2024-07-07', 'Sprain', 'Surgery', 'Dr. Lee', 58, 2, 49, 'No', 'Medium', 'Walk-in', 'Yes', 9),
('8e200724-7d13-4018-a80b-ac63b856d035', '71710434-134c-4c92-ac5b-227cdfde4fbf', '2024-06-10', 'Flu', 'Surgery', 'Dr. Chang', 48, 6, 31, 'No', 'High', 'Scheduled', 'No', 1),
('7da67785-b63b-4dc3-a559-e46379e13cea', '66aa9385-dd59-4a71-b6b8-24817b3a4e3e', '2025-05-25', 'Fracture', 'Surgery', 'Dr. West', 88, 6, 46, 'No', 'Critical', 'Scheduled', 'No', 5),
('6786d506-38ba-4abc-8b53-05e517d2582e', 'd453dd32-4b0d-4b41-8d52-88f1142c3fe8', '2023-12-19', 'Checkup', 'Blood Test', 'Dr. Holt', 76, 1, 21, 'Yes', 'Medium', 'Walk-in', 'No', '0'),
('79279973-5e78-4fd7-94e0-d3baa9f948b2', 'a9488d99-0bbb-4599-91ce-5dd2b45ed1f0', '2024-07-30', 'Flu', 'Surgery', 'Dr. Tran', 114, 9, 22, 'No', 'High', 'Scheduled', 'Yes', 2),
('8ce6424d-bef5-4fe6-bf23-3d5f6cedd15d', '66aa9385-dd59-4a71-b6b8-24817b3a4e3e', '2024-08-29', 'Checkup', 'Blood Test', 'Dr. Rivera', 28, 6, 1, 'No', 'High', 'Scheduled', 'Yes', 4),
('405bfdc9-4e7e-4827-855a-c7627428a656', 'a4161293-c4c2-42e3-844e-a7c8c0398710', '2025-06-03', 'Covid-19', 'X-Ray', 'Dr. Hall', 109, 3, 26, 'No', 'Low', 'Scheduled', 'No', 3),
('be2d740a-1e9b-43bc-90c7-c006314d3441', 'b41b3143-8b10-450c-9570-4f32702cdd20', '2025-06-18', 'Fracture', 'X-Ray', 'Dr. Herrera', 62, 4, 41, 'No', 'Low', 'Walk-in', 'No', 2),
('3764fbda-3108-4448-af65-fafab0ae8f08', 'ff9ab5c2-9f04-4aed-b552-332702627f73', '2025-07-20', 'Migraine', 'Blood Test', 'Dr. Rodgers', 29, 4, 1, 'No', 'Low', 'Scheduled', 'No', 9),
('c29cfc0c-fa02-4aec-96ef-2ad6b97e6703', '894a05e4-30b1-47ef-b10c-0c003fa7f104', '2024-07-07', 'Viral Infection', 'Blood Test', 'Dr. Warren', 86, 3, 25, 'No', 'Low', 'Walk-in', 'No', 4),
('31b1b099-d527-41e7-99bc-143efb02bebb', 'c241330b-01a9-471f-9e8a-774bcf36d58b', '2024-07-12', 'Flu', 'Surgery', 'Dr. Phillips', 92, 10, 16, 'No', 'Low', 'Scheduled', 'No', 7),
('b540b30e-039f-4a25-8d61-68bd2defe193', '01d74256-3860-4ab6-96a4-02f23ae8cc93', '2024-09-11', 'Sprain', 'Blood Test', 'Dr. Ferguson', 101, 3, 39, 'Yes', 'Low', 'Scheduled', 'No', 3),
('8da8eee4-0df5-4ac6-b96b-648a0ba6eab9', 'a65ed389-b74d-4fb1-b2e7-06298fadc1a6', '2024-07-06', 'Flu', 'Blood Test', 'Dr. Carter', 76, 3, 32, 'Yes', 'High', 'Scheduled', 'No', '0'),
('7daa39f0-c0b6-4ce2-9e53-790aa34b6cf6', 'd450281c-6c6f-4633-a260-772317a0df49', '2024-03-13', 'Checkup', 'Surgery', 'Dr. Garcia', 54, 4, 8, 'No', 'High', 'Scheduled', 'No', 6);
INSERT INTO visits (visit_id, patient_id, visit_date, diagnosis, procedure, doctor_name, visit_duration_minutes, satisfaction_score, wait_time_minutes, follow_up_required, severity_level, visit_type, referral_needed, medications_prescribed) VALUES
('7a8d03aa-782a-45e0-88ca-765192f5df7b', 'cac5b68c-28f4-4481-a0a0-4dc427209bdf', '2023-12-15', 'Checkup', 'Surgery', 'Dr. Alexander', 99, 7, 42, 'No', 'Low', 'Scheduled', 'No', 7),
('f0e98b3b-40a2-4c60-8d27-0659f72ada9b', '839fbc50-1223-4513-9496-f63cdc1110c1', '2024-04-27', 'Covid-19', 'Surgery', 'Dr. Hensley', 94, 4, 53, 'No', 'Low', 'Walk-in', 'No', 2),
('7de31a51-6694-4343-90ba-58e3d2762bdc', '01d74256-3860-4ab6-96a4-02f23ae8cc93', '2024-03-03', 'Covid-19', 'Consultation', 'Dr. Jones', 96, 9, 47, 'Yes', 'Low', 'Emergency', 'No', 5),
('2631d00b-26d7-44d3-8db9-5301afbb411a', 'a9488d99-0bbb-4599-91ce-5dd2b45ed1f0', '2025-04-07', 'Flu', 'Surgery', 'Dr. Shepherd', 67, 1, 38, 'No', 'Medium', 'Scheduled', 'Yes', 1),
('1e52d770-3f89-4142-be71-6b1415ce6a66', 'b3aa7efe-4458-4885-ab90-99a435a240ae', '2024-07-28', 'Covid-19', 'Consultation', 'Dr. Grant', 38, 8, 28, 'No', 'Medium', 'Walk-in', 'No', 6),
('9e50aa42-ca6d-4da1-989b-c4da9b37a22b', 'bb5e4bcf-15ed-4269-9429-6c07f26b4776', '2024-10-24', 'Covid-19', 'MRI', 'Dr. Perez', 40, 7, 41, 'Yes', 'High', 'Scheduled', 'No', 7),
('715629ee-e893-4e3d-b354-ea6f61607459', 'b3aa7efe-4458-4885-ab90-99a435a240ae', '2025-01-14', 'Viral Infection', 'X-Ray', 'Dr. Evans', 103, 2, 54, 'No', 'Low', 'Scheduled', 'No', 5),
('9191b363-4e2d-4645-adc7-cac7fd72b050', 'a65ed389-b74d-4fb1-b2e7-06298fadc1a6', '2025-03-07', 'Fracture', 'Blood Test', 'Dr. Oliver', 74, 8, 25, 'No', 'High', 'Scheduled', 'No', 5),
('f295456e-1967-4f06-bd76-7e35f5c9b047', 'a65ed389-b74d-4fb1-b2e7-06298fadc1a6', '2025-03-23', 'Fracture', 'X-Ray', 'Dr. Farmer', 55, 1, 34, 'No', 'Critical', 'Scheduled', 'No', 4),
('14c8b3b4-a911-4192-83bf-d9313605bf54', 'ff9ab5c2-9f04-4aed-b552-332702627f73', '2025-04-04', 'Checkup', 'Surgery', 'Dr. Moore', 43, 9, 49, 'No', 'Low', 'Scheduled', 'No', 7),
('00af5b3a-2812-459a-9337-739e8d4f5d27', 'd453dd32-4b0d-4b41-8d52-88f1142c3fe8', '2024-04-19', 'Fracture', 'MRI', 'Dr. Ortiz', 29, 9, 24, 'Yes', 'High', 'Scheduled', 'No', '0'),
('085b15fb-4a8f-4810-b84c-2f29980402a2', '7394988f-847f-49b4-a64d-1bcb702753a1', '2025-05-24', 'Covid-19', 'Surgery', 'Dr. Hall', 59, 2, 23, 'Yes', 'Medium', 'Scheduled', 'No', 9),
('743b65a2-dc0f-4fcf-b3f6-fe0d48603b32', 'b3aa7efe-4458-4885-ab90-99a435a240ae', '2025-06-07', 'Checkup', 'X-Ray', 'Dr. Jones', 79, 7, 12, 'Yes', 'Medium', 'Scheduled', 'No', 3),
('ca8f3653-c9af-48f8-83b9-da13ec856f37', 'd7c524a5-5304-417f-af42-e12f3838b326', '2024-06-04', 'Viral Infection', 'Consultation', 'Dr. Weber', 103, 10, 59, 'No', 'Medium', 'Emergency', 'No', 3),
('6cd5e859-32a4-47b2-af04-e57dcdccc33a', 'd7c524a5-5304-417f-af42-e12f3838b326', '2025-05-02', 'Migraine', 'Blood Test', 'Dr. Wilson', 85, 3, 57, 'No', 'High', 'Emergency', 'No', 2),
('44007d5a-e88d-4719-a624-2b40a5cb63a2', '7394988f-847f-49b4-a64d-1bcb702753a1', '2024-05-28', 'Sprain', 'Surgery', 'Dr. Serrano', 23, 7, 6, 'No', 'Medium', 'Emergency', 'No', 2),
('4ebfa5c3-cae9-44a7-aa79-ea680f44704f', '1b66b5a9-e3c4-4657-9d8c-bbac43b409ef', '2024-01-30', 'Sprain', 'X-Ray', 'Dr. Larson', 102, 10, 56, 'No', 'High', 'Emergency', 'No', 3),
('706c5c56-49e2-423d-abd3-461691b78d8e', '8da0365b-f898-47b9-805c-acec877409a9', '2025-09-06', 'Checkup', 'Surgery', 'Dr. Martinez', 15, 9, 35, 'No', 'Critical', 'Scheduled', 'No', '0'),
('f1533ae8-670a-4c5c-b321-bf214dd8eb85', 'd453dd32-4b0d-4b41-8d52-88f1142c3fe8', '2025-05-23', 'Viral Infection', 'Consultation', 'Dr. Nelson', 22, 4, 44, 'No', 'Medium', 'Scheduled', 'No', 1),
('9918ee46-1497-4658-b010-f7197e695d0d', 'a8b317fa-18d0-452b-9825-bc5430beb45f', '2025-01-28', 'Checkup', 'X-Ray', 'Dr. Williams', 102, 1, 19, 'No', 'Critical', 'Walk-in', 'No', 8),
('40181c6e-9a8c-4a3c-9283-aac7bc0a6a5d', '922fe15a-e1e3-4b63-af7d-dc76b92da22b', '2024-11-05', 'Fracture', 'Blood Test', 'Dr. Johnson', 77, 2, '0', 'Yes', 'Medium', 'Emergency', 'No', 9),
('dc4ad56b-d601-4237-ac9e-d156f63fce41', '434308bc-89fa-4a68-8fb5-d27bbeb79919', '2024-05-31', 'Checkup', 'Consultation', 'Dr. Johnston', 25, 1, 7, 'Yes', 'Medium', 'Walk-in', 'No', 1),
('d248a9a7-ac1a-4554-83c7-5611ffe3fa49', '21813d25-6552-48a6-83ff-50113d1a85dd', '2023-12-22', 'Checkup', 'Vaccination', 'Dr. Adams', 95, 5, 45, 'No', 'Medium', 'Scheduled', 'Yes', 4),
('7872bdeb-2cd9-4cbb-819a-d58cc35b1c8c', 'ec24a3c5-c754-408f-b418-8f3f8a14be62', '2024-01-06', 'Fracture', 'Consultation', 'Dr. Stone', 22, 5, 15, 'No', 'Low', 'Scheduled', 'No', 8),
('ff37d19c-2e76-428b-8735-44f9ea83bf00', 'd450281c-6c6f-4633-a260-772317a0df49', '2024-11-13', 'Fracture', 'Blood Test', 'Dr. Richards', 49, 7, 13, 'Yes', 'High', 'Walk-in', 'Yes', 8),
('175ba98d-f814-4102-bde1-bdfed0725b5c', '90b2b633-956b-4c0c-a849-9b926b5252e3', '2025-04-12', 'Covid-19', 'Vaccination', 'Dr. Harrison', 49, 9, 11, 'No', 'Medium', 'Walk-in', 'No', 7),
('1ac70ec0-ab8d-4eb4-9230-dfbd5553b2fe', 'ff9ab5c2-9f04-4aed-b552-332702627f73', '2024-10-18', 'Sprain', 'MRI', 'Dr. Hodge', 47, 9, 50, 'No', 'Medium', 'Scheduled', 'No', '0'),
('49c8a43f-7ed7-4ed7-b194-990b6961929e', 'ec24a3c5-c754-408f-b418-8f3f8a14be62', '2024-08-18', 'Flu', 'Consultation', 'Dr. Bates', 19, 3, 22, 'Yes', 'Critical', 'Scheduled', 'No', '0'),
('0964fbbf-8cd3-41b0-82b0-1cfdd045dd1c', 'cac5b68c-28f4-4481-a0a0-4dc427209bdf', '2024-10-12', 'Checkup', 'MRI', 'Dr. Gibson', 117, 3, 14, 'No', 'Low', 'Walk-in', 'No', 8),
('f85e06a1-1dad-49b2-92c2-1221409d3602', 'cac5b68c-28f4-4481-a0a0-4dc427209bdf', '2024-08-06', 'Flu', 'Consultation', 'Dr. Barton', 55, 3, 27, 'No', 'Medium', 'Scheduled', 'No', 7),
('004b6fab-fcf5-4188-932e-6dcd83bc9478', '0ea2622b-5048-47ba-bf7b-539b0f9aea4b', '2025-10-07', 'Viral Infection', 'Blood Test', 'Dr. Sandoval', 42, 4, 33, 'No', 'Medium', 'Emergency', 'No', 9),
('300568d2-0de0-41a6-a9ca-97d2764414fd', '8dfa6a56-d12d-4c9a-aaf9-15310200b1f0', '2025-01-30', 'Sprain', 'Blood Test', 'Dr. Stone', 21, 8, 1, 'Yes', 'High', 'Walk-in', 'No', 8),
('71299889-a01a-4992-bf9d-3e64c1a6423b', '01d74256-3860-4ab6-96a4-02f23ae8cc93', '2025-04-02', 'Covid-19', 'MRI', 'Dr. Wolf', 87, 6, 31, 'No', 'Medium', 'Walk-in', 'No', 6),
('ed7bf656-218a-4536-8c99-a894445dcc38', 'a9488d99-0bbb-4599-91ce-5dd2b45ed1f0', '2024-05-12', 'Viral Infection', 'MRI', 'Dr. Roberts', 86, 8, 22, 'No', 'High', 'Walk-in', 'No', 2),
('0763fcd0-1f15-47b6-bc16-128db2c08394', '3602f8ac-10f1-4c81-848a-aa9e66b2bc5b', '2025-10-20', 'Fracture', 'Consultation', 'Dr. Dudley', 26, 1, 21, 'No', 'High', 'Walk-in', 'No', 2),
('288b78b5-b5b4-43ca-bd42-993ccc9fd334', 'b41b3143-8b10-450c-9570-4f32702cdd20', '2025-03-22', 'Viral Infection', 'Consultation', 'Dr. Collins', 48, 8, 50, 'No', 'Low', 'Walk-in', 'No', 1),
('3985fb62-17dc-4eff-a872-13f98d605936', '71710434-134c-4c92-ac5b-227cdfde4fbf', '2023-12-16', 'Sprain', 'MRI', 'Dr. Gay', 47, 4, 24, 'No', 'Low', 'Scheduled', 'Yes', 4),
('1e1242e3-f272-42b6-b621-72ed1d0bc9bd', 'ff9ab5c2-9f04-4aed-b552-332702627f73', '2025-11-14', 'Migraine', 'Surgery', 'Dr. Holland', 62, 1, 57, 'No', 'Medium', 'Scheduled', 'No', 2),
('4ab7706e-b773-40ca-aec2-59dc7f95897c', '1b66b5a9-e3c4-4657-9d8c-bbac43b409ef', '2024-04-03', 'Migraine', 'X-Ray', 'Dr. Hicks', 37, 8, 21, 'No', 'Low', 'Scheduled', 'No', 5),
('faf14ff0-7b85-479a-95b0-77e06a5d932b', 'bb5e4bcf-15ed-4269-9429-6c07f26b4776', '2024-07-05', 'Viral Infection', 'Consultation', 'Dr. Kennedy', 76, 4, 57, 'No', 'Low', 'Walk-in', 'No', 1),
('30cbd755-6232-417a-a507-41818d1fb540', '21813d25-6552-48a6-83ff-50113d1a85dd', '2024-11-24', 'Fracture', 'MRI', 'Dr. Weeks', 102, 6, 57, 'No', 'Medium', 'Scheduled', 'No', 2),
('dd30de89-22f2-45f2-a11b-868dbf0d073d', 'd777a477-4c66-40a8-a013-ac6ededa4e16', '2025-01-03', 'Migraine', 'Consultation', 'Dr. Jones', 51, 8, 21, 'Yes', 'Low', 'Scheduled', 'No', 4),
('57021049-6a39-4aa6-9aba-c50dca3dd859', '8dfa6a56-d12d-4c9a-aaf9-15310200b1f0', '2025-07-28', 'Fracture', 'MRI', 'Dr. Villa', 113, 4, 48, 'No', 'Medium', 'Scheduled', 'No', '0'),
('486822b9-00a8-4de9-920f-87d044656d6b', 'b83cfe0b-e037-45ed-b8db-0672f42d47cc', '2025-01-03', 'Migraine', 'Vaccination', 'Dr. Barber', 58, 3, 51, 'No', 'Medium', 'Scheduled', 'No', '0'),
('a8f1e091-ffb8-402d-9475-dbc996418ced', 'd777a477-4c66-40a8-a013-ac6ededa4e16', '2025-09-16', 'Viral Infection', 'Surgery', 'Dr. Burns', 118, 9, 41, 'Yes', 'Medium', 'Scheduled', 'No', 9),
('585a0afa-7bfd-4c12-89e0-6ab37250ee18', 'a4161293-c4c2-42e3-844e-a7c8c0398710', '2024-03-30', 'Covid-19', 'X-Ray', 'Dr. Cook', 100, 3, 5, 'No', 'Medium', 'Walk-in', 'No', 8),
('eecf67d2-7491-46f4-a090-d6978b1e3b9d', '3602f8ac-10f1-4c81-848a-aa9e66b2bc5b', '2025-07-20', 'Viral Infection', 'Surgery', 'Dr. Morris', 105, 9, 14, 'Yes', 'Medium', 'Scheduled', 'No', 6),
('9261549d-3d22-4c30-b28f-41defb140bc3', '8cbfedb0-f264-4ccc-b9ac-1b1ea8e56e0c', '2024-04-30', 'Migraine', 'Surgery', 'Dr. Reyes', 49, 2, 53, 'No', 'Low', 'Scheduled', 'No', '0'),
('517400f8-0b2c-482a-a928-8e92c68a152f', 'd7c524a5-5304-417f-af42-e12f3838b326', '2025-09-30', 'Covid-19', 'MRI', 'Dr. Garner', 79, 2, 42, 'No', 'Medium', 'Scheduled', 'No', 7),
('62d60e93-6198-4d54-8fb8-7e6fe9d68f23', 'b83cfe0b-e037-45ed-b8db-0672f42d47cc', '2025-06-05', 'Viral Infection', 'MRI', 'Dr. Mcneil', 113, 2, 59, 'No', 'Medium', 'Scheduled', 'No', 2);

DROP TABLE IF EXISTS billing;
CREATE TABLE billing (
  bill_id VARCHAR(36),
  visit_id VARCHAR(36),
  amount DECIMAL(10,2),
  status VARCHAR(255),
  payment_date DATE,
  insurance_coverage_percent INT,
  patient_responsibility DECIMAL(10,2),
  payment_method VARCHAR(255),
  outstanding_balance INT,
  billing_category VARCHAR(255),
  discount_applied INT,
  PRIMARY KEY (bill_id)
);

INSERT INTO billing (bill_id, visit_id, amount, status, payment_date, insurance_coverage_percent, patient_responsibility, payment_method, outstanding_balance, billing_category, discount_applied) VALUES
('fb16e5db-a6ea-479e-921c-82f8cada4f80', 'b4a69f3c-8d3a-4d99-b11c-21c9bdc14f1f', 4176.94, 'Insurance Processed', '2025-02-02', 51, 2046.7, 'Cash', 1060, 'Consultation', 31),
('2051acef-097a-4e10-b6fe-bc0e7ecddbaf', 'e21342b0-f1ee-4ba3-9343-2e611ca3c448', 1470.22, 'Overdue', '2025-06-18', 92, 117.62, 'Credit', 2327, 'Consultation', 46),
('dea4ae17-54fd-4ad3-9716-108ef72169bb', '5e84f058-d5a8-44eb-8939-23de8babce3b', 3939.51, 'Insurance Processed', '2025-01-12', 14, 3387.98, 'Insurance', 3420, 'Consultation', 48),
('1986b4b2-70b7-4868-9854-80f0dfcaf0b7', '4eea04e7-0ab5-4bde-a0a0-45026e068097', 2351.69, 'Overdue', '2025-06-27', 71, 681.99, 'Cash', 301, 'Consultation', 10),
('b8f21423-03ed-41f8-b4f9-3d17e912b4bf', '0a368ce7-dc57-4131-b8e1-daa7cbceabde', 3394.35, 'Overdue', '2025-01-29', 60, 1357.74, 'Insurance', 4276, 'Consultation', 20),
('f84f16b3-a79f-4faf-9ef5-768968f45bce', '1a50aec3-aabc-45fa-bfe1-2e47ae9bec36', 3978.99, 'Pending', '2025-02-02', 20, 3183.19, 'Insurance', 606, 'Test', 25),
('f81dbaa1-c812-4a8e-b830-89301327f1bc', 'f94d6204-6808-493f-9fed-2c43e256a6dc', 3311.31, 'Insurance Processed', '2025-03-17', 82, 596.04, 'Insurance', 3170, 'Consultation', 24),
('65c17795-b155-46bc-9f8d-ed9756abf2f1', 'dd56cc94-3c9a-414c-ae0c-aeb5ecfedb99', 2601.49, 'Insurance Processed', '2025-08-14', 86, 364.21, 'Insurance', 699, 'Surgery', 21),
('da330aa1-541c-4fcd-9a0d-4a5f148f8b74', '698c206f-e1a4-4e10-ad53-4dd0cf8ebc5a', 512.27, 'Pending', '2025-08-23', 74, 133.19, 'Cash', 1139, 'Medication', 26),
('f4427e0b-6148-4bb3-889b-78d5dbfdd97e', 'ee49f329-c84a-4b28-950a-1b46ecab3301', 3380.34, 'Pending', '2025-04-06', 74, 878.89, 'Insurance', 190, 'Consultation', 48),
('c268283e-e32f-4e63-b7fd-dd71a075e927', '3f87e362-cf8d-446a-bc2c-bb0ddd334cc7', 4042.49, 'Pending', '2025-06-12', 87, 525.52, 'Cash', 2300, 'Medication', 12),
('9e11d2cd-0930-4ef6-8a80-068ddf547e50', 'df465290-61ee-411a-9bac-27a7b386f7a4', 170.91, 'Pending', '2024-12-31', 99, 1.71, 'Debit', 980, 'Consultation', 32),
('ebc2026f-af34-4f65-a193-c4b23c19e71d', 'eb1fa9f2-d10b-41d0-b317-347038f16a81', 4920.48, 'Paid', '2025-03-26', 23, 3788.77, 'Insurance', '0', 'Consultation', 33),
('1723199d-bf2c-44a0-ba3c-8a71ff574e2b', '3a43b2ba-df0f-46cb-8b9b-c326d20eac17', 2304.31, 'Pending', '2025-05-22', 2, 2258.22, 'Insurance', 1184, 'Test', 40),
('a23d4c2f-c2a7-4689-9933-918cfa745761', '475287aa-5408-49ac-a601-ddd03170f437', 3605.81, 'Overdue', '2025-09-04', 21, 2848.59, 'Credit', 3327, 'Test', 34),
('2a96e1e2-7194-4ae2-99ba-d7aedf615a5c', '8268690b-a438-45b5-99e4-b6714774bc58', 2497.17, 'Pending', '2025-08-31', 52, 1198.64, 'Insurance', 3394, 'Medication', '0'),
('0bc61066-0769-465f-a746-ccb94ca9cf07', '0710d430-f071-4879-94c6-3cd889456f27', 780.48, 'Paid', '2025-04-09', 1, 772.68, 'Insurance', '0', 'Test', 20),
('5bc440f1-4b1a-469b-8e5d-d462cbd00ef2', 'fbc9f87a-f668-4617-94a1-875d2db69edb', 4468.67, 'Paid', '2025-04-29', 87, 580.93, 'Insurance', '0', 'Medication', 47),
('87fa841a-3e83-491f-a544-0fe06e417d47', 'ba81edd9-587e-4344-af3f-920c98b8e4cc', 3903.18, 'Pending', '2025-05-14', 29, 2771.26, 'Insurance', 1816, 'Consultation', 5),
('2e183554-cae2-4e66-ae8a-781390e0a95b', '1d9af659-82ec-4f2d-bbf6-e16f9b3080d5', 920.64, 'Overdue', '2025-02-09', 37, 580.0, 'Debit', 569, 'Consultation', 27),
('deef580f-9c07-4751-9437-45092cd1586a', 'b572f3d0-0b5c-4a6a-8135-7e8c30a900ad', 298.58, 'Pending', '2025-05-02', 1, 295.59, 'Credit', 1895, 'Test', 16),
('7f671eec-3da7-4577-aee1-e86b9ea556aa', 'afd5dea5-89d7-4d6c-8e77-7f00ecf27e76', 4591.48, 'Paid', '2025-11-24', 63, 1698.85, 'Cash', '0', 'Medication', 4),
('760debbb-3b70-43a1-a4a3-5cf29549c931', '5d3d9e56-3270-44fa-abae-4f43bcae8081', 2309.49, 'Overdue', '2025-08-09', 59, 946.89, 'Credit', 3863, 'Medication', 30),
('aab612c9-415d-474a-b5a6-69814104a8b5', '505cc686-9f87-4ce7-9487-fd4febb7a385', 3354.51, 'Insurance Processed', '2024-12-08', 20, 2683.61, 'Credit', 4721, 'Surgery', 4),
('e6b5a92c-771a-4655-8dfc-6ee0e61ede90', '81d2c7de-4ce1-4b90-a669-7833b841d0a0', 4752.7, 'Overdue', '2025-03-26', 32, 3231.84, 'Insurance', 4014, 'Surgery', 37),
('12e89d10-2871-4733-8bed-db12ad77e82f', '4bb00f20-b27c-4026-a703-b6365380b904', 3082.63, 'Overdue', '2025-05-25', 75, 770.66, 'Credit', 2901, 'Test', 2),
('966b1964-fcd6-4dca-9876-fd09f1faf665', '610faa3f-f0bb-4c67-aa38-d0a16ba25efe', 4161.32, 'Overdue', '2025-03-31', 57, 1789.37, 'Cash', 1686, 'Surgery', 22),
('b0b862ef-6c9f-42b9-b647-8986a3917c99', '4d0b0d1a-91b0-41d9-9d92-62af2c8d0e44', 4491.18, 'Overdue', '2025-03-12', 21, 3548.03, 'Credit', 3009, 'Medication', 36),
('32ffe294-4d57-4880-9865-d69a74f33103', '35ce8841-4973-4d6c-8dca-bfb7001a9a8b', 2277.85, 'Pending', '2025-05-03', 88, 273.34, 'Credit', 154, 'Medication', 36),
('3cb98350-1b4d-40fe-bbb3-8605da743152', '77097749-527e-4cfa-a79a-c9aa9b4e2c24', 4207.32, 'Insurance Processed', '2025-05-02', 48, 2187.81, 'Insurance', 2537, 'Surgery', 9),
('4bbe4aff-9326-4ffd-9be4-bf5192698698', 'cb323e35-7922-4ac2-82dc-4c8e36b5229a', 3840.78, 'Overdue', '2025-09-02', 90, 384.08, 'Insurance', 1409, 'Test', 9),
('d47d577b-fa5a-41ca-859d-d55d4b943e30', '15b52908-a8aa-4158-ab70-e525bc67f831', 3152.4, 'Insurance Processed', '2025-08-17', 58, 1324.01, 'Insurance', 4057, 'Test', 18),
('90e0b95f-0212-4554-8644-58b46553867d', '17e8392a-55ce-45db-9e87-e04ca2086977', 2227.37, 'Insurance Processed', '2025-11-05', 41, 1314.15, 'Insurance', 784, 'Consultation', 16),
('f93e08d5-bea2-4dfe-873f-6e1baf908e3c', '39820cff-4f77-4665-ac3c-56403c20592f', 1210.74, 'Insurance Processed', '2024-12-24', 91, 108.97, 'Credit', 3175, 'Medication', 20),
('7f2984f5-bec3-4a37-9b3d-74bde91e314e', 'fbe33b24-3eae-4032-8bd4-a9900640be0f', 1632.56, 'Paid', '2025-10-24', 59, 669.35, 'Credit', '0', 'Test', 13),
('c696f5e6-4944-451b-a726-be23e776b886', '6a18ce4c-7496-4764-92a4-def0c4bbb7a9', 734.95, 'Pending', '2025-10-11', 79, 154.34, 'Insurance', 2806, 'Medication', 8),
('5a31b4cc-cd4b-49a9-9b68-9c883ae909fe', '624c69b6-b244-45a7-b7e5-848131c681ec', 1946.02, 'Pending', '2025-02-28', 14, 1673.58, 'Cash', 537, 'Surgery', 45),
('402913ec-9ef2-493e-b0ac-7d7ba2f963a3', '016b6287-b008-45cc-a7f3-6ae925c73c44', 3546.77, 'Paid', '2025-08-25', 61, 1383.24, 'Insurance', '0', 'Medication', '0'),
('a8c01f05-c478-46f1-b88e-c318c16d83ed', 'c7468f59-1b49-4e15-a2ad-d909c521bf2d', 2103.6, 'Insurance Processed', '2025-08-26', 61, 820.4, 'Insurance', 2455, 'Surgery', 44),
('18dfbc3c-a0d4-4e3d-a303-f6c6d69d42f1', '8498e113-b227-462c-b53d-4330cdda24ba', 2735.93, 'Overdue', '2025-11-20', 46, 1477.4, 'Insurance', 524, 'Consultation', 12),
('4f1639a0-0a17-491e-a576-9411a0a11839', '1f115b76-d92c-4227-aadf-50853fcb7546', 358.22, 'Overdue', '2025-10-07', 61, 139.71, 'Insurance', 2950, 'Medication', 3),
('5d678bb1-945e-42e4-888a-93ec70d9c9f8', 'fce68504-87f8-424d-aae6-5fc176f2dbfe', 1977.91, 'Paid', '2025-09-15', 50, 988.96, 'Debit', '0', 'Consultation', '0'),
('4b8c5bdc-e8dd-4e5a-9712-fb1621a4344f', '714c7df4-e434-4d51-8158-1092f335cba3', 4290.82, 'Overdue', '2025-04-10', 54, 1973.78, 'Insurance', 4780, 'Surgery', 48),
('336749b5-2cf6-4f75-aa5e-6920bf5ae7e6', 'd4a02e53-6d3e-41dc-8139-2443e45b712e', 2411.05, 'Insurance Processed', '2025-01-25', 63, 892.09, 'Cash', 4115, 'Medication', 39),
('f8b38a8b-e05f-48bc-8a16-a06cc958e75e', 'dc8aee30-be60-43f7-a8be-9288e5af6e39', 1528.13, 'Overdue', '2025-04-26', 2, 1497.57, 'Credit', 2368, 'Medication', 31),
('45c45a3e-e9da-484a-8075-9f1f87e5f0fe', 'a33dc7af-d701-410d-bf4b-1a70c074718e', 4274.57, 'Overdue', '2025-10-23', 100, '0.0', 'Insurance', 3847, 'Test', 33),
('d31edf1a-e9ff-4cae-81c8-ca8c2a1f955a', '3d3f3799-a072-45e9-bc0e-8cd88573e793', 2714.19, 'Pending', '2025-06-10', 50, 1357.1, 'Debit', 4495, 'Test', 27),
('bf1e8366-4b8e-43d4-8e76-07adf7a67b94', '458f1f19-3c07-4574-8925-7af1b6aae05b', 2466.74, 'Insurance Processed', '2025-11-08', 6, 2318.74, 'Debit', 2701, 'Surgery', 30),
('77e490c7-1d7b-4313-8de2-2f1c56b60afc', '269cd696-236c-4b87-94a0-bccb8a476a87', 2207.39, 'Paid', '2025-01-03', 20, 1765.91, 'Insurance', '0', 'Consultation', 7),
('39c1e262-f76c-4ede-8110-12662408a6dc', '10714d51-36c5-4dac-b4d7-e28e271e3ee2', 1974.84, 'Overdue', '2025-11-04', 72, 552.96, 'Insurance', 1166, 'Surgery', 38),
('fadd7ea3-aca5-42fd-b966-442aad238d36', '0ff0a55c-6a70-4e2f-b746-d0ba8ae8905b', 3634.7, 'Overdue', '2025-05-08', 38, 2253.51, 'Insurance', 4929, 'Test', 25),
('8eac0a33-cdf9-44a7-9882-b5c1f79efd70', '95863a76-c511-45ff-a7a3-7e8163b4c08b', 4601.73, 'Paid', '2025-04-26', 17, 3819.44, 'Insurance', '0', 'Test', 33),
('03902c5d-6502-46a2-8a6a-2224171e16cc', '9360715f-c3fe-4183-a172-b725db52ca58', 4539.3, 'Paid', '2025-03-17', 3, 4403.12, 'Insurance', '0', 'Test', 2),
('5e5ba13d-746c-4b77-9fa3-82e8895ccd99', 'c0e3befd-4c71-40fe-9a0c-dd7cf1578470', 465.54, 'Overdue', '2025-08-23', 88, 55.86, 'Cash', 853, 'Test', 49),
('95a5bafa-431d-429f-ac1e-86d8bfbf397b', '89c8d2ab-6b44-4a8d-95f2-5073f41402b1', 721.71, 'Overdue', '2025-05-01', 59, 295.9, 'Cash', 4146, 'Consultation', 11),
('5f18e583-f0b6-483f-a377-f6f1d289f0ab', '3875394c-e5d6-46e6-9a6e-c2f5ccc42903', 949.56, 'Insurance Processed', '2025-01-16', 13, 826.12, 'Insurance', 3736, 'Surgery', '0'),
('066803ee-78b2-4549-bbdb-c09eacc216a0', '638c254c-076e-4bba-bc53-08bf6f92f25e', 1926.56, 'Pending', '2025-08-02', 8, 1772.44, 'Insurance', 3769, 'Consultation', 43),
('53f8382b-8fb8-44e4-b173-8856e25d36eb', '2a405f12-b963-437f-a781-4c1fcc530e36', 2300.76, 'Insurance Processed', '2025-11-25', 89, 253.08, 'Debit', 574, 'Test', 4),
('102efde5-a5cc-4bf7-b8ab-854c9c2e58de', '88bc539c-9f4c-4b79-bb10-987f20ac3703', 3818.09, 'Overdue', '2025-08-08', 52, 1832.68, 'Insurance', 3261, 'Surgery', 29),
('b379cb1e-e8cd-40cc-b6da-3ca0d2e82f38', '06f028ff-a9ba-4a27-907b-fe36978648f8', 1427.37, 'Overdue', '2025-04-01', 1, 1413.1, 'Insurance', 1148, 'Medication', 29),
('23c86d30-1dde-4969-a886-13dba6348e78', '2e85cb21-7631-4e9d-9de9-f86322bd3388', 1298.74, 'Paid', '2024-12-22', 83, 220.79, 'Insurance', '0', 'Surgery', 16),
('fef518a6-4dea-4645-8986-bbebf23e323d', '53ac2ab9-7467-4cd9-b62f-5e5c53cd6268', 2378.02, 'Paid', '2025-06-14', 91, 214.02, 'Debit', '0', 'Consultation', 47),
('e3236d1a-3c1b-4acc-98e1-93311dba1267', 'f3821cfd-c083-473a-873b-d358610e6a64', 4999.54, 'Insurance Processed', '2025-07-01', 59, 2049.81, 'Insurance', 4933, 'Consultation', 46),
('5efa9c5b-7421-4f46-a37e-4b0122bae10e', '04f64d86-7866-4765-94f7-ce8dd5bcb8d0', 1159.9, 'Paid', '2025-08-22', 70, 347.97, 'Credit', '0', 'Test', 22),
('f22b5b98-b24c-464f-be3e-6e57f30a9e32', '39669fa7-5997-4043-b3b1-025bfff9f585', 3917.1, 'Paid', '2025-07-02', 43, 2232.75, 'Credit', '0', 'Test', 14),
('ba0266ef-be05-4787-965b-efdf6b4be411', 'c1156d6d-0a4e-4b70-a6d9-64a3f510ab53', 3783.45, 'Pending', '2025-02-03', 7, 3518.61, 'Insurance', 2660, 'Consultation', 36),
('19597b5a-a7a8-4636-aa35-df59e2aa7a5d', '9f0fda8d-0537-4ff6-96d7-b3b833094d35', 1036.84, 'Paid', '2025-10-24', 46, 559.89, 'Credit', '0', 'Consultation', 20),
('f065c817-687a-4850-9d9b-62317d45d8ef', '90604f62-1d48-4071-ab61-a7b1793b4c32', 3125.61, 'Pending', '2025-03-23', 34, 2062.9, 'Insurance', 3051, 'Test', 13),
('379efc6e-5edb-4d3c-b0b6-3bcf08601833', '5e6fea07-c453-4f1d-8199-2fdfb31022f0', 674.79, 'Paid', '2025-05-26', 77, 155.2, 'Cash', '0', 'Consultation', 1),
('dafec8a9-3c71-40be-b357-956071d79665', '1d5206ab-b7e6-427c-bf78-0e3ff6b751f7', 2841.65, 'Pending', '2025-04-24', 80, 568.33, 'Cash', 4869, 'Medication', 10),
('5e09a9ee-af88-4dec-bb1e-143b196f4dfa', '9424aed5-1bac-4c15-8fa0-3f26f6f7f0cc', 2351.92, 'Insurance Processed', '2025-07-04', 35, 1528.75, 'Cash', 876, 'Test', 38),
('5bd20c98-a513-4ea0-ba53-e34de6d5901d', 'f54ad0a2-e874-46d7-ad66-a1bd93676a02', 3846.15, 'Pending', '2024-12-28', 49, 1961.54, 'Insurance', 991, 'Consultation', 37),
('f7dc67e0-3097-4b2b-86a0-2a9b65ec7acd', 'b0cc1b3b-9793-49b4-9374-814632c5bd89', 3049.17, 'Paid', '2025-01-21', 3, 2957.69, 'Credit', '0', 'Consultation', 33),
('74685b98-d2fe-4fde-9918-b3e5f2f25eef', '4d3485c5-c5c1-4eb4-b27b-3d901a16342c', 3900.07, 'Pending', '2025-01-09', 1, 3861.07, 'Insurance', 4364, 'Medication', 37),
('a3b5cece-a446-4e72-b64c-911aa9ab364a', 'fbdd3933-cbd5-4bf6-9efd-76e9ce3714af', 4825.37, 'Paid', '2025-07-24', 5, 4584.1, 'Insurance', '0', 'Surgery', 49),
('c96b5edb-0cf2-469b-8577-aea9f8999246', 'a9597663-6daa-4e68-8861-fe1858e25888', 2914.49, 'Insurance Processed', '2025-04-13', 53, 1369.81, 'Insurance', 635, 'Surgery', 33),
('c9776598-203c-4c25-bd23-5def3e5a87e3', 'd97dc9cd-033d-4bce-975a-ed2ca5c5650c', 2900.19, 'Overdue', '2025-07-12', 3, 2813.18, 'Cash', 1693, 'Medication', 17),
('c3e15a85-d46e-4104-9190-6f5034885a46', '5cb85aed-f5f6-4c97-aefb-63b11b049863', 2013.44, 'Pending', '2025-07-08', 53, 946.32, 'Credit', 1682, 'Medication', 29),
('d0243d72-3748-467f-961d-33ba350843f0', '6f7c15ea-272a-4d8e-b512-2df875b17a55', 426.18, 'Pending', '2025-11-07', 92, 34.09, 'Insurance', 4752, 'Medication', 14),
('25c61c45-c63d-44ee-941c-7a863ba5cd2f', '9dac6e83-4524-4ea6-a684-6099f7294951', 554.41, 'Insurance Processed', '2025-10-07', 62, 210.68, 'Cash', 119, 'Test', 26),
('46fb7bf3-00b9-44a3-9892-40ace68933a9', '6f81cf4f-7701-47bb-bbc6-7e1fc64ee6e3', 4258.95, 'Paid', '2025-11-03', 17, 3534.93, 'Insurance', '0', 'Surgery', 33),
('21472a15-fcce-46f6-a50a-4578fbe94499', '3ed8c56c-da09-4fa0-9282-8d8044b591f7', 3991.32, 'Paid', '2025-07-02', 89, 439.05, 'Cash', '0', 'Consultation', 37),
('1c24220e-2cab-47e7-8c6b-66e5402adf9c', '3e6dd58b-7367-428d-a1b2-94de4767d76c', 1768.66, 'Overdue', '2025-08-18', 43, 1008.14, 'Insurance', 1369, 'Test', 32),
('03cde2e3-21bd-4b41-8699-8731ddcf8766', '561e16d1-6105-416b-ab0e-664e9c3eb2d5', 3324.53, 'Paid', '2025-04-23', 33, 2227.44, 'Credit', '0', 'Test', 23),
('96bf10ab-3ce9-45e7-89d6-a63bca3c6f5f', '364d7c87-7cd0-429d-ae8d-0e87533420e6', 2554.51, 'Insurance Processed', '2025-04-09', 73, 689.72, 'Insurance', 116, 'Surgery', 14),
('0d6a05b3-43ef-4016-ac9b-662e040a3aae', '989d9d4a-e15c-4666-8797-b2c957207246', 112.63, 'Overdue', '2025-01-23', 61, 43.93, 'Debit', 2838, 'Medication', 29),
('1d181ee9-86ad-4a8c-abc4-123ebde13c1b', 'f2b43abf-8441-4efd-8299-436a8e485223', 4120.54, 'Paid', '2025-09-20', 99, 41.21, 'Insurance', '0', 'Consultation', 41),
('c72c1fe3-72c2-4a16-b9eb-4168104556e5', '8e200724-7d13-4018-a80b-ac63b856d035', 2195.94, 'Insurance Processed', '2025-04-24', 13, 1910.47, 'Insurance', 1931, 'Surgery', 16),
('73b6a09b-1bea-46ac-97fa-7f0483639007', '7da67785-b63b-4dc3-a559-e46379e13cea', 3196.15, 'Overdue', '2025-06-18', 94, 191.77, 'Insurance', 1012, 'Consultation', 4),
('0b19f88e-9d77-445e-b206-c26938b77c07', '6786d506-38ba-4abc-8b53-05e517d2582e', 3551.18, 'Overdue', '2025-09-13', 47, 1882.13, 'Debit', 1664, 'Surgery', 28),
('a8addf36-ddf2-45eb-a8a3-f341c8819065', '79279973-5e78-4fd7-94e0-d3baa9f948b2', 921.88, 'Insurance Processed', '2025-06-25', 14, 792.82, 'Credit', 1081, 'Consultation', 3),
('f6ca6b8b-a4b1-4991-b542-46464d37a539', '8ce6424d-bef5-4fe6-bf23-3d5f6cedd15d', 3098.77, 'Overdue', '2024-12-17', 71, 898.64, 'Insurance', 4729, 'Consultation', 9),
('d8e88ebb-7a9e-4eef-bfa3-61be0f9240e1', '405bfdc9-4e7e-4827-855a-c7627428a656', 2351.13, 'Insurance Processed', '2025-05-09', 77, 540.76, 'Credit', 512, 'Consultation', 16),
('7d824264-1ba3-42e7-afa4-15e56d204496', 'be2d740a-1e9b-43bc-90c7-c006314d3441', 1645.41, 'Pending', '2025-09-07', 86, 230.36, 'Credit', 2849, 'Test', 9),
('e63658c9-12d0-498d-b18d-4d05e8e22743', '3764fbda-3108-4448-af65-fafab0ae8f08', 4162.12, 'Paid', '2025-01-05', 61, 1623.23, 'Cash', '0', 'Test', 16),
('10d08d11-25f9-44bf-9bb9-61555275eb94', 'c29cfc0c-fa02-4aec-96ef-2ad6b97e6703', 1430.69, 'Overdue', '2025-01-23', 39, 872.72, 'Cash', 3672, 'Test', 19),
('95da75c1-a211-40f9-9fd3-4579466772ce', '31b1b099-d527-41e7-99bc-143efb02bebb', 1257.12, 'Overdue', '2025-07-05', 84, 201.14, 'Insurance', 4583, 'Medication', 23),
('fe9fecaa-6182-4347-933f-5a72b64fa54a', 'b540b30e-039f-4a25-8d61-68bd2defe193', 2870.76, 'Overdue', '2025-07-25', 79, 602.86, 'Insurance', 4992, 'Surgery', 4),
('816bcb9f-7426-4193-8b7e-6b3c87d292a6', '8da8eee4-0df5-4ac6-b96b-648a0ba6eab9', 1715.16, 'Overdue', '2025-07-28', 81, 325.88, 'Credit', 3343, 'Consultation', 33),
('b3a7d0e0-cb08-487d-9963-c26d6e218b09', '7daa39f0-c0b6-4ce2-9e53-790aa34b6cf6', 4262.22, 'Pending', '2025-01-18', 52, 2045.87, 'Debit', 4070, 'Medication', 5);
INSERT INTO billing (bill_id, visit_id, amount, status, payment_date, insurance_coverage_percent, patient_responsibility, payment_method, outstanding_balance, billing_category, discount_applied) VALUES
('e0b15aba-a6a2-4967-a79b-44b6da509fed', '7a8d03aa-782a-45e0-88ca-765192f5df7b', 2463.37, 'Insurance Processed', '2025-09-29', 23, 1896.79, 'Cash', 4799, 'Consultation', 1),
('370bc063-dd90-479e-b888-f6ed8d244e3e', 'f0e98b3b-40a2-4c60-8d27-0659f72ada9b', 3999.27, 'Insurance Processed', '2025-05-21', 25, 2999.45, 'Insurance', 1470, 'Medication', 12),
('69efafb1-3a7e-4e14-a359-eee173991a47', '7de31a51-6694-4343-90ba-58e3d2762bdc', 1434.31, 'Insurance Processed', '2025-04-15', 88, 172.12, 'Insurance', 580, 'Consultation', 42),
('6a7e4c36-6613-4e69-b418-8109d3d1bf0f', '2631d00b-26d7-44d3-8db9-5301afbb411a', 2801.17, 'Pending', '2025-09-14', 59, 1148.48, 'Credit', 2294, 'Medication', 42),
('50018b7b-6d40-47f4-9003-2b3518578baf', '1e52d770-3f89-4142-be71-6b1415ce6a66', 473.78, 'Overdue', '2025-08-20', 40, 284.27, 'Credit', 3147, 'Consultation', 47),
('2713582c-f41e-43ac-9fd2-31094140752c', '9e50aa42-ca6d-4da1-989b-c4da9b37a22b', 2468.46, 'Pending', '2025-08-28', 28, 1777.29, 'Credit', 4249, 'Medication', 10),
('175a81ec-112f-4612-b969-9ed2ec48bf55', '715629ee-e893-4e3d-b354-ea6f61607459', 3468.52, 'Overdue', '2025-10-24', 14, 2982.93, 'Credit', 1679, 'Test', 46),
('18b87245-6e8f-45a1-97dd-ed8115da705c', '9191b363-4e2d-4645-adc7-cac7fd72b050', 2268.46, 'Paid', '2025-09-20', 44, 1270.34, 'Cash', '0', 'Medication', 22),
('214f3f12-cfd0-4cbd-9f65-c8cebd21bc11', 'f295456e-1967-4f06-bd76-7e35f5c9b047', 510.61, 'Pending', '2025-07-09', 64, 183.82, 'Insurance', 2744, 'Consultation', 15),
('8fc42092-f4e5-49e5-9622-93480f5ae9d3', '14c8b3b4-a911-4192-83bf-d9313605bf54', 2051.79, 'Pending', '2025-07-11', 88, 246.21, 'Insurance', 3356, 'Test', 30),
('692ac139-1f4a-4ca1-ab85-fd595463adc7', '00af5b3a-2812-459a-9337-739e8d4f5d27', 1565.72, 'Insurance Processed', '2025-04-21', 70, 469.72, 'Credit', 4045, 'Medication', 10),
('c012a0ff-f0ed-4303-aa53-c19cdfa4bb9f', '085b15fb-4a8f-4810-b84c-2f29980402a2', 2392.64, 'Insurance Processed', '2025-05-18', 8, 2201.23, 'Cash', 1243, 'Test', 15),
('0d2b91ef-b897-4ec5-aa74-bb18de3b496f', '743b65a2-dc0f-4fcf-b3f6-fe0d48603b32', 2156.24, 'Insurance Processed', '2025-03-26', 87, 280.31, 'Insurance', 3118, 'Test', 7),
('1a85910d-5a05-4c11-8ffc-a6b199b479d4', 'ca8f3653-c9af-48f8-83b9-da13ec856f37', 1791.46, 'Overdue', '2025-07-17', '0', 1791.46, 'Insurance', 2141, 'Test', 3),
('a81fdec3-279c-458a-b676-0ce581e5c9f6', '6cd5e859-32a4-47b2-af04-e57dcdccc33a', 1391.04, 'Insurance Processed', '2025-06-10', 7, 1293.67, 'Credit', 3059, 'Surgery', 39),
('59a1120e-1bb4-4332-98e7-012f39681c81', '44007d5a-e88d-4719-a624-2b40a5cb63a2', 1191.16, 'Pending', '2025-10-29', 87, 154.85, 'Insurance', 4548, 'Test', 3),
('c33a1f6c-1d69-4fba-9e18-7b248e676a01', '4ebfa5c3-cae9-44a7-aa79-ea680f44704f', 1611.96, 'Pending', '2025-03-23', 62, 612.54, 'Insurance', 2959, 'Test', 24),
('6dda4f8d-cea6-4f4c-b9e5-8ff092f837d4', '706c5c56-49e2-423d-abd3-461691b78d8e', 998.13, 'Overdue', '2025-10-29', 10, 898.32, 'Cash', 2265, 'Medication', 2),
('d1846c39-c476-4556-b97b-e2dd8f9b72ae', 'f1533ae8-670a-4c5c-b321-bf214dd8eb85', 1418.67, 'Insurance Processed', '2025-08-03', 80, 283.73, 'Credit', 2479, 'Consultation', 31),
('8e867f3c-a487-4eab-accb-461a9d132363', '9918ee46-1497-4658-b010-f7197e695d0d', 4903.53, 'Pending', '2024-12-15', 7, 4560.28, 'Credit', 4646, 'Consultation', 2),
('d4578ad9-a867-4096-add8-77c89be71737', '40181c6e-9a8c-4a3c-9283-aac7bc0a6a5d', 1516.42, 'Insurance Processed', '2025-08-31', 34, 1000.84, 'Insurance', 1635, 'Medication', 26),
('45f50c52-2e2f-4f77-8769-79d644777442', 'dc4ad56b-d601-4237-ac9e-d156f63fce41', 938.24, 'Paid', '2025-09-03', 34, 619.24, 'Credit', '0', 'Medication', 28),
('56febfb9-ebe9-4207-8f19-9ec0c32d4526', 'd248a9a7-ac1a-4554-83c7-5611ffe3fa49', 3554.69, 'Pending', '2025-04-20', 32, 2417.19, 'Insurance', 4452, 'Surgery', 31),
('24ac2130-deaf-428d-ae70-983801902620', '7872bdeb-2cd9-4cbb-819a-d58cc35b1c8c', 1407.84, 'Paid', '2025-07-12', 4, 1351.53, 'Insurance', '0', 'Test', 49),
('2451e5a4-11d0-49b2-a699-cd99a847bce7', 'ff37d19c-2e76-428b-8735-44f9ea83bf00', 2789.13, 'Pending', '2025-09-18', 40, 1673.48, 'Credit', 2849, 'Consultation', 18),
('177d6e7e-07d9-44ce-b8c8-8faea2178f84', '175ba98d-f814-4102-bde1-bdfed0725b5c', 3207.45, 'Overdue', '2025-09-20', 27, 2341.44, 'Cash', 3251, 'Consultation', 20),
('6b7a2460-604e-46cb-b712-f2d187cdb6a1', '1ac70ec0-ab8d-4eb4-9230-dfbd5553b2fe', 557.81, 'Paid', '2025-05-30', 6, 524.34, 'Credit', '0', 'Surgery', 4),
('4fc77768-5ebb-4ca5-a84b-f9625744f596', '49c8a43f-7ed7-4ed7-b194-990b6961929e', 2891.62, 'Overdue', '2025-09-11', 72, 809.65, 'Credit', 2489, 'Surgery', 17),
('914dcfae-f100-43a7-86de-b2f0530ac1c7', '0964fbbf-8cd3-41b0-82b0-1cfdd045dd1c', 2419.64, 'Insurance Processed', '2025-07-24', 71, 701.7, 'Cash', 1631, 'Test', 27),
('27d415b6-0d77-45a0-a222-b6a615bfbe97', 'f85e06a1-1dad-49b2-92c2-1221409d3602', 962.6, 'Paid', '2025-02-04', 11, 856.71, 'Insurance', '0', 'Consultation', 41),
('ac8936bc-0cbd-4c03-9e2a-a4acc122b5b3', '004b6fab-fcf5-4188-932e-6dcd83bc9478', 1299.77, 'Overdue', '2025-01-05', 33, 870.85, 'Insurance', 1015, 'Medication', 21),
('6c8c3b6a-a974-4079-b16f-da0a45a88829', '300568d2-0de0-41a6-a9ca-97d2764414fd', 614.73, 'Paid', '2025-06-11', 32, 418.02, 'Insurance', '0', 'Medication', 20),
('45ee432d-6a07-4213-b129-cec79b69554d', '71299889-a01a-4992-bf9d-3e64c1a6423b', 2033.5, 'Paid', '2025-02-26', 47, 1077.76, 'Insurance', '0', 'Test', 5),
('585d3f86-1d23-44e6-8329-20b7c143f426', 'ed7bf656-218a-4536-8c99-a894445dcc38', 2906.25, 'Paid', '2025-05-20', 22, 2266.88, 'Debit', '0', 'Test', '0'),
('adb14670-ad9f-400d-8882-d73c1c6345ab', '0763fcd0-1f15-47b6-bc16-128db2c08394', 801.05, 'Insurance Processed', '2025-07-23', 61, 312.41, 'Insurance', 2839, 'Surgery', 4),
('4ef492c1-aac9-4316-86e5-27537c93f6cc', '288b78b5-b5b4-43ca-bd42-993ccc9fd334', 471.65, 'Pending', '2024-12-22', 87, 61.31, 'Credit', 335, 'Medication', 40),
('996d5c50-fc04-4168-a52f-fb493873e57f', '3985fb62-17dc-4eff-a872-13f98d605936', 636.34, 'Overdue', '2024-12-26', 36, 407.26, 'Cash', 4592, 'Test', 11),
('f200c261-4d29-41ab-b455-12f701f7c7ec', '1e1242e3-f272-42b6-b621-72ed1d0bc9bd', 3051.27, 'Pending', '2025-02-25', 98, 61.03, 'Credit', 895, 'Consultation', 25),
('4169b9fc-c3a0-4c6f-a321-d1e1c47104c0', '4ab7706e-b773-40ca-aec2-59dc7f95897c', 3889.68, 'Overdue', '2025-03-27', 43, 2217.12, 'Cash', 3546, 'Medication', 45),
('7f54a511-01fa-464e-9eb7-4b5653ffd3a2', 'faf14ff0-7b85-479a-95b0-77e06a5d932b', 2280.05, 'Overdue', '2025-09-21', 85, 342.01, 'Cash', 851, 'Medication', 33),
('61554667-2112-407c-acfa-55b06e3f683a', '30cbd755-6232-417a-a507-41818d1fb540', 1521.9, 'Overdue', '2025-06-29', 90, 152.19, 'Insurance', 1687, 'Medication', 48),
('8f0881ee-8011-416b-bae8-8926b423ccde', 'dd30de89-22f2-45f2-a11b-868dbf0d073d', 1561.63, 'Paid', '2025-10-24', 34, 1030.68, 'Insurance', '0', 'Test', 13),
('12738a23-5aaa-432f-8e63-22b6ab05347f', '57021049-6a39-4aa6-9aba-c50dca3dd859', 3067.67, 'Paid', '2025-05-08', 64, 1104.36, 'Credit', '0', 'Test', 25),
('6fac1673-0ad4-4230-bdf6-6ba5dc9c96de', '486822b9-00a8-4de9-920f-87d044656d6b', 4740.57, 'Pending', '2024-12-12', 98, 94.81, 'Insurance', 2427, 'Surgery', 44),
('dcb33df3-13ee-4dc6-abd1-4d2c75b27455', 'a8f1e091-ffb8-402d-9475-dbc996418ced', 3146.3, 'Insurance Processed', '2025-04-05', 100, '0.0', 'Insurance', 1568, 'Medication', 26),
('67884209-92ca-425a-ade5-93329364f3d0', '585a0afa-7bfd-4c12-89e0-6ab37250ee18', 3319.12, 'Pending', '2025-09-06', 46, 1792.32, 'Cash', 4000, 'Medication', 8),
('1d7c0098-4a1d-4b32-aaed-fdc7a3e05309', 'eecf67d2-7491-46f4-a090-d6978b1e3b9d', 1237.33, 'Paid', '2025-05-11', 77, 284.59, 'Insurance', '0', 'Consultation', 25),
('2bffe17b-5324-41fc-b758-dce20556daea', '9261549d-3d22-4c30-b28f-41defb140bc3', 824.84, 'Overdue', '2025-10-12', 2, 808.34, 'Debit', 3498, 'Consultation', 46),
('d4ffa666-75c8-490d-9e3d-750df296d9f0', '517400f8-0b2c-482a-a928-8e92c68a152f', 2279.99, 'Overdue', '2025-08-29', '0', 2279.99, 'Debit', 3913, 'Surgery', 21),
('6fcc57dd-168f-4e12-9ca2-60c9eb7607c9', '62d60e93-6198-4d54-8fb8-7e6fe9d68f23', 1491.73, 'Pending', '2025-10-28', 4, 1432.06, 'Debit', 1066, 'Medication', 46);

DROP TABLE IF EXISTS lab_results;
CREATE TABLE lab_results (
  result_id VARCHAR(36),
  patient_id VARCHAR(36),
  test_date DATE,
  test_type VARCHAR(255),
  glucose_level DECIMAL(10,2),
  hemoglobin DECIMAL(10,2),
  white_blood_cell_count DECIMAL(10,2),
  platelet_count INT,
  creatinine DECIMAL(10,2),
  alt INT,
  ast INT,
  result_status VARCHAR(255),
  PRIMARY KEY (result_id)
);

INSERT INTO lab_results (result_id, patient_id, test_date, test_type, glucose_level, hemoglobin, white_blood_cell_count, platelet_count, creatinine, alt, ast, result_status) VALUES
('cf54c93c-97d6-4df2-95cc-b2a1b72bb6e3', 'bdd640fb-0667-4ad1-9c80-317fa3b1799d', '2024-05-16', 'Blood Panel', 99.5, 17.0, 5.9, 284, 1.25, 23, 20, 'Normal'),
('1aff5ca9-b3fe-4f73-815c-f41ef5b5c104', 'bdd640fb-0667-4ad1-9c80-317fa3b1799d', '2024-10-29', 'Blood Panel', 99.4, 12.3, 9.0, 284, '0.59', 37, 41, 'Abnormal'),
('36e41f3d-8ce8-41ce-840d-2ec9f6714ce7', 'bdd640fb-0667-4ad1-9c80-317fa3b1799d', '2024-01-12', 'Blood Panel', 149.8, 15.0, 5.8, 237, 1.14, 54, 15, 'Normal'),
('0d4f0909-5dd2-4023-8c88-80e31ce02467', '0822e8f3-6c03-4199-972a-846916419f82', '2024-04-05', 'Metabolic Panel', 94.0, 17.5, 9.6, 277, 1.22, 27, 15, 'Normal'),
('2d85428b-c1ab-4007-b006-7eb433c05b15', '0822e8f3-6c03-4199-972a-846916419f82', '2024-01-03', 'Metabolic Panel', 78.4, 12.6, 9.1, 301, '0.84', 40, 49, 'Normal'),
('2a86fb65-1de8-4199-8553-65528d3d7d9b', '0822e8f3-6c03-4199-972a-846916419f82', '2024-08-07', 'CBC', 151.3, 12.5, 5.3, 282, 1.23, 38, 31, 'Normal'),
('eba39894-7992-436d-820c-9aa12c181e93', 'a65ed389-b74d-4fb1-b2e7-06298fadc1a6', '2024-04-04', 'Blood Panel', 144.5, 13.2, 5.0, 211, 1.3, 37, 37, 'Normal'),
('9eb67774-dc6b-4a0b-84df-f19dd4eefb97', 'a65ed389-b74d-4fb1-b2e7-06298fadc1a6', '2024-02-03', 'Thyroid Panel', 162.7, 12.5, 10.4, 286, 1.3, 58, 25, 'Abnormal'),
('87e39b97-81dd-4f4a-888f-473866777df9', 'a65ed389-b74d-4fb1-b2e7-06298fadc1a6', '2024-11-27', 'Thyroid Panel', 76.5, 16.3, 8.5, 338, 1.31, 58, 45, 'Critical'),
('4e243776-29c0-4e05-99f5-f8a926b028eb', 'a65ed389-b74d-4fb1-b2e7-06298fadc1a6', '2024-04-30', 'Thyroid Panel', 133.9, 14.8, 6.6, 354, 1.1, 46, 10, 'Critical'),
('5eabfbc5-2c7d-4bde-b393-198b68a93516', 'c241330b-01a9-471f-9e8a-774bcf36d58b', '2024-02-01', 'Blood Panel', 137.4, 14.8, 9.0, 308, '0.53', 35, 38, 'Normal'),
('6e84b240-fe40-452c-aa46-e7916d3d260a', 'c241330b-01a9-471f-9e8a-774bcf36d58b', '2024-08-23', 'CBC', 113.8, 13.3, 4.8, 175, '0.74', 30, 20, 'Normal'),
('c3c222ea-81f3-47dd-82f3-06a5fff006ea', 'c241330b-01a9-471f-9e8a-774bcf36d58b', '2024-12-31', 'Lipid Panel', 80.7, 17.5, 4.1, 152, '0.88', 16, 47, 'Normal'),
('951156ac-4974-4806-937f-28e2aa2fe797', 'c241330b-01a9-471f-9e8a-774bcf36d58b', '2024-12-01', 'CBC', 70.1, 13.7, 6.2, 354, 1.04, 11, 46, 'Abnormal'),
('cb937008-80c7-4c59-9dfc-55684c18f906', '562b0f79-c374-49ee-b50b-ea63371ecd7b', '2024-09-27', 'Blood Panel', 146.4, 16.6, 6.9, 152, '0.77', 55, 32, 'Abnormal'),
('0abd580e-ce13-41b9-8114-9c09f7391df2', '562b0f79-c374-49ee-b50b-ea63371ecd7b', '2024-04-25', 'Lipid Panel', 113.8, 16.0, 7.3, 224, '0.97', 13, 36, 'Abnormal'),
('b80d8a2d-fc8b-447a-a893-6a1cc64ad758', '562b0f79-c374-49ee-b50b-ea63371ecd7b', '2024-07-05', 'Blood Panel', 127.3, 12.9, 8.5, 214, 1.07, 10, 49, 'Normal'),
('665e7f30-aa0e-43eb-af61-4d5366640628', '562b0f79-c374-49ee-b50b-ea63371ecd7b', '2024-09-17', 'Lipid Panel', 123.7, 12.4, 4.2, 153, 1.45, 23, 18, 'Abnormal'),
('751f1271-2476-40c1-9204-dc35bc4dd523', '0b1f9163-ce9f-457f-83b7-a3a69a8dca03', '2024-10-23', 'Lipid Panel', 136.2, 17.9, 5.8, 199, 1.02, 37, 43, 'Normal'),
('b8645480-6099-4419-8f08-06d9ba8f890a', '0b1f9163-ce9f-457f-83b7-a3a69a8dca03', '2024-12-19', 'Metabolic Panel', 164.4, 13.6, 7.8, 162, 1.15, 29, 44, 'Normal'),
('4851ddfd-492a-4b8e-914e-c2f99cef92ff', '0b1f9163-ce9f-457f-83b7-a3a69a8dca03', '2024-11-06', 'Blood Panel', 163.8, 16.0, 6.8, 369, '0.8', 36, 43, 'Normal'),
('b92533f7-e851-4d0a-b06d-a26c48ec017a', 'd453dd32-4b0d-4b41-8d52-88f1142c3fe8', '2024-08-14', 'Blood Panel', 131.6, 17.5, 8.4, 362, 1.18, 32, 34, 'Critical'),
('991078e1-b3c6-46be-be1f-8668cabb04b7', 'd453dd32-4b0d-4b41-8d52-88f1142c3fe8', '2024-01-06', 'Thyroid Panel', 154.7, 17.9, 8.8, 372, '0.65', 10, 20, 'Normal'),
('4a9d2b23-86cd-48a2-81cf-eddd510c2904', 'a9488d99-0bbb-4599-91ce-5dd2b45ed1f0', '2024-01-17', 'Lipid Panel', 131.8, 17.9, 8.1, 381, 1.04, 48, 23, 'Abnormal'),
('8c9eac7d-02d2-4125-b836-f75779f8d0e5', 'a9488d99-0bbb-4599-91ce-5dd2b45ed1f0', '2024-04-17', 'CBC', 133.0, 14.4, 4.0, 289, 1.39, 28, 24, 'Normal'),
('d5630e2f-6a88-4307-a8d7-7c3462795424', '47294739-614f-43d7-99db-3ad0ddd1dfb2', '2024-02-23', 'CBC', 142.6, 14.2, 6.8, 275, '0.98', 36, 21, 'Normal'),
('bc2db8d4-0ab8-4bf1-8c61-7d87d7a439da', '47294739-614f-43d7-99db-3ad0ddd1dfb2', '2024-09-22', 'Metabolic Panel', 196.7, 16.4, 9.6, 204, '0.59', 52, 19, 'Normal'),
('c7e694a4-994b-4164-b515-f3626e84cd63', 'b3aa7efe-4458-4885-ab90-99a435a240ae', '2024-08-25', 'Blood Panel', 173.7, 17.5, 4.0, 185, '0.88', 19, 31, 'Normal'),
('0a2625b5-c718-4894-87f8-8ac613afcd15', 'b3aa7efe-4458-4885-ab90-99a435a240ae', '2024-04-08', 'Lipid Panel', 186.1, 17.6, 7.2, 215, 1.14, 38, 42, 'Normal'),
('18f0d987-0930-4746-92f9-584b1d03e04e', 'b3aa7efe-4458-4885-ab90-99a435a240ae', '2024-02-10', 'Thyroid Panel', 86.3, 14.2, 8.2, 365, '0.53', 18, 18, 'Normal'),
('b1351dd9-8b4f-4666-8da3-49fa8a3db7ab', 'b3aa7efe-4458-4885-ab90-99a435a240ae', '2024-09-29', 'Thyroid Panel', 95.9, 15.3, 10.4, 354, '0.7', 54, 27, 'Critical'),
('c85007cf-91f0-4fea-bf35-06c920563c95', '29d4beef-3eab-4dcb-baa8-0dd488bd6407', '2024-12-12', 'CBC', 174.0, 16.5, 10.3, 201, '0.72', 54, 27, 'Critical'),
('127a4407-32c2-4d71-b6d1-0ac5b734bc02', '29d4beef-3eab-4dcb-baa8-0dd488bd6407', '2024-01-26', 'Blood Panel', 112.1, 17.9, 7.7, 276, '0.61', 17, 32, 'Abnormal'),
('83f25223-528c-4c05-b82d-d37f40e63bc7', '29d4beef-3eab-4dcb-baa8-0dd488bd6407', '2024-10-12', 'Blood Panel', 169.4, 14.8, 7.1, 338, '0.71', 34, 16, 'Normal'),
('87081258-497b-4106-ae1c-17d87bf63f6e', '29d4beef-3eab-4dcb-baa8-0dd488bd6407', '2024-12-31', 'Metabolic Panel', 149.0, 14.9, 7.0, 260, '0.6', 23, 11, 'Normal'),
('c1cceaab-640a-4a70-aa5a-bb7b027caf04', 'd7c524a5-5304-417f-af42-e12f3838b326', '2024-01-29', 'CBC', 161.7, 16.9, 4.5, 220, 1.4, 41, 22, 'Abnormal'),
('90930454-5bfd-44ce-a44a-3063daa9b692', 'd7c524a5-5304-417f-af42-e12f3838b326', '2024-06-07', 'Metabolic Panel', 106.5, 13.7, 6.9, 304, 1.33, 56, 21, 'Normal'),
('836ae588-9494-489c-8c94-40661c958be4', '3602f8ac-10f1-4c81-848a-aa9e66b2bc5b', '2024-02-14', 'Metabolic Panel', 178.8, 14.5, 5.8, 171, '0.67', 40, 34, 'Abnormal'),
('2043bd21-76b5-4897-bfb0-d6c86237fbd7', '3602f8ac-10f1-4c81-848a-aa9e66b2bc5b', '2024-10-11', 'Metabolic Panel', 147.5, 12.9, 10.6, 265, 1.1, 42, 42, 'Critical'),
('8e3ac33b-c432-42bc-94a5-ebc6683f1a72', '3602f8ac-10f1-4c81-848a-aa9e66b2bc5b', '2024-03-24', 'Thyroid Panel', 194.7, 12.7, 10.9, 337, '0.59', 16, 48, 'Normal'),
('c0c2d553-5945-4279-b742-26371914206d', '3602f8ac-10f1-4c81-848a-aa9e66b2bc5b', '2024-01-21', 'CBC', 149.3, 16.6, 7.8, 212, '0.8', 53, 45, 'Normal'),
('d7416ae6-afc8-4bb5-b6f7-4cdb710b35eb', 'e27a984d-6548-41d0-bfcd-9eb1a7cad415', '2024-12-06', 'CBC', 183.9, 15.4, 9.8, 223, 1.41, 14, 48, 'Critical'),
('2158a4b1-86d5-42ab-9a8f-ece0de1bde3d', 'e27a984d-6548-41d0-bfcd-9eb1a7cad415', '2024-02-08', 'Lipid Panel', 179.5, 16.2, 9.8, 368, 1.03, 34, 37, 'Critical'),
('d22d6114-13be-4526-93b1-1d29e0e99062', 'e27a984d-6548-41d0-bfcd-9eb1a7cad415', '2024-05-31', 'Blood Panel', 105.5, 17.6, 10.6, 356, 1.29, 43, 39, 'Abnormal'),
('48a2604f-caba-4dab-9ab5-30fd425cf6d5', 'e27a984d-6548-41d0-bfcd-9eb1a7cad415', '2024-07-16', 'Thyroid Panel', 104.3, 17.2, 9.1, 229, 1.48, 43, 18, 'Normal'),
('199e5ee3-f0a6-4ef6-9593-228097252e86', '434308bc-89fa-4a68-8fb5-d27bbeb79919', '2024-11-15', 'Metabolic Panel', 84.2, 13.4, 8.8, 369, 1.29, 39, 18, 'Abnormal'),
('300f8860-c376-40c7-88c3-a91353ae9caf', '434308bc-89fa-4a68-8fb5-d27bbeb79919', '2024-03-19', 'Lipid Panel', 98.7, 16.2, 7.5, 171, 1.27, 37, 22, 'Normal'),
('94a4c42c-b182-4695-8940-c2663b196bff', '2369b584-ff5e-4ff0-bf50-bde4382567b8', '2024-08-10', 'CBC', 133.7, 14.6, 5.5, 194, 1.47, 48, 31, 'Normal'),
('e3094da8-5268-4f08-a16e-bdcf8a3b6ceb', '2369b584-ff5e-4ff0-bf50-bde4382567b8', '2024-03-13', 'CBC', 74.0, 13.9, 10.7, 254, '0.58', 46, 19, 'Abnormal'),
('bd16b70b-3747-44d4-9c3c-13a0e85207b3', '2369b584-ff5e-4ff0-bf50-bde4382567b8', '2024-03-29', 'Metabolic Panel', 70.9, 17.8, 10.0, 382, 1.48, 24, 28, 'Critical'),
('94264e36-be03-493d-8d85-1dbb0e173586', '2369b584-ff5e-4ff0-bf50-bde4382567b8', '2024-08-20', 'Blood Panel', 83.6, 15.1, 10.3, 259, '0.78', 51, 33, 'Critical'),
('2c0b67b3-982a-4266-992c-a6bf4a3e27ff', 'cac5b68c-28f4-4481-a0a0-4dc427209bdf', '2024-06-28', 'CBC', 119.8, 17.8, 6.9, 328, '0.87', 27, 18, 'Abnormal'),
('3def880f-5f96-466f-82e4-266ba6e95b49', 'cac5b68c-28f4-4481-a0a0-4dc427209bdf', '2024-12-30', 'Lipid Panel', 83.1, 16.3, 6.9, 252, '0.74', 36, 33, 'Critical'),
('cf173d9c-8a2e-4e26-8d70-91b72a6cdcce', 'cac5b68c-28f4-4481-a0a0-4dc427209bdf', '2024-09-30', 'Blood Panel', 132.7, 12.1, 4.4, 181, '0.96', 50, 24, 'Normal'),
('6ec45690-b19e-40f4-9a7e-b8dc8c219f45', '8da0365b-f898-47b9-805c-acec877409a9', '2024-04-09', 'Thyroid Panel', 80.7, 17.5, 6.0, 197, 1.5, 17, 43, 'Abnormal'),
('2c96b2a1-8aec-40aa-9e32-ffef5561aa49', '8da0365b-f898-47b9-805c-acec877409a9', '2024-05-09', 'Lipid Panel', 108.9, 15.7, 9.7, 230, 1.46, 17, 20, 'Normal'),
('f9187aa9-8745-4019-a8c6-cddb1aa131c7', '8da0365b-f898-47b9-805c-acec877409a9', '2024-09-05', 'Metabolic Panel', 103.0, 15.4, 4.8, 343, 1.46, 60, 27, 'Abnormal'),
('ce2e9891-b7e3-43fb-b23f-2b33c6f8abc5', '8da0365b-f898-47b9-805c-acec877409a9', '2024-12-20', 'Blood Panel', 173.9, 13.6, 10.4, 394, '0.74', 40, 24, 'Normal'),
('a16b506c-e690-4532-92ae-6c90ae84ddbf', 'a4161293-c4c2-42e3-844e-a7c8c0398710', '2024-05-15', 'Thyroid Panel', 139.4, 16.9, 5.9, 172, 1.32, 40, 42, 'Normal'),
('9b902c05-52d8-47e3-ba62-d0edf464810c', 'a4161293-c4c2-42e3-844e-a7c8c0398710', '2024-05-04', 'Blood Panel', 147.0, 15.0, 6.8, 226, '0.84', 25, 37, 'Critical'),
('73cbce40-db2a-4066-864d-2cfed1259fb2', 'a4161293-c4c2-42e3-844e-a7c8c0398710', '2024-08-29', 'Metabolic Panel', 86.4, 16.8, 8.8, 227, '0.54', 37, 16, 'Abnormal'),
('80099d5d-2231-46f6-b7b2-15e130e71090', 'b83cfe0b-e037-45ed-b8db-0672f42d47cc', '2024-07-27', 'Lipid Panel', 183.5, 17.8, 9.7, 285, '0.66', 12, 37, 'Critical'),
('712f4eea-fda6-40b6-8ca7-e139e8148a81', 'b83cfe0b-e037-45ed-b8db-0672f42d47cc', '2024-06-06', 'Metabolic Panel', 71.1, 15.0, 9.0, 218, 1.43, 53, 34, 'Normal'),
('9bc89016-3c0f-43e8-84e5-7bc5c76fbfca', 'b83cfe0b-e037-45ed-b8db-0672f42d47cc', '2024-08-24', 'Metabolic Panel', 169.3, 17.6, 10.5, 236, '0.62', 13, 32, 'Normal'),
('84111d95-5569-4dca-aa83-9ef8bb5477bd', 'b83cfe0b-e037-45ed-b8db-0672f42d47cc', '2024-09-11', 'Thyroid Panel', 144.5, 12.1, 10.2, 240, '0.83', 35, 50, 'Critical'),
('e296368e-86d4-4cc7-bd44-1fa3312ad409', 'd777a477-4c66-40a8-a013-ac6ededa4e16', '2024-05-11', 'Thyroid Panel', 137.9, 16.3, 7.2, 191, 1.35, 14, 14, 'Abnormal'),
('b6458a7a-d5bf-44fb-a915-15194f6173f4', 'd777a477-4c66-40a8-a013-ac6ededa4e16', '2024-10-10', 'Metabolic Panel', 149.4, 15.9, 6.4, 349, 1.46, 23, 29, 'Normal'),
('231d8b61-5cba-4127-b82d-9846ae9b2d5e', 'd777a477-4c66-40a8-a013-ac6ededa4e16', '2024-12-10', 'Metabolic Panel', 79.6, 17.2, 9.2, 208, '0.79', 50, 15, 'Normal'),
('cab4b264-4374-45f5-8208-9daa4a46dee7', 'd777a477-4c66-40a8-a013-ac6ededa4e16', '2024-11-24', 'Thyroid Panel', 87.9, 12.3, 8.6, 151, 1.19, 39, 43, 'Critical'),
('94d32eae-db19-4361-86e9-8e1b81ae18da', 'd777a477-4c66-40a8-a013-ac6ededa4e16', '2024-04-04', 'Lipid Panel', 135.1, 17.6, 6.3, 304, 1.21, 44, 31, 'Normal'),
('ba9c09fa-1695-47f8-b099-d00898fa594e', 'ec24a3c5-c754-408f-b418-8f3f8a14be62', '2024-11-27', 'Lipid Panel', 115.8, 12.9, 10.0, 251, '0.55', 26, 38, 'Critical'),
('e07276d4-1521-49a5-a006-d0bba339d95b', 'ec24a3c5-c754-408f-b418-8f3f8a14be62', '2024-11-28', 'CBC', 134.2, 13.2, 9.1, 382, 1.24, 41, 31, 'Normal'),
('27f4642e-df12-4db6-b7f9-af29581b909b', 'e0f3eab0-5cec-4eb5-add9-68311ca35cfb', '2024-01-04', 'Thyroid Panel', 129.8, 12.7, 5.6, 241, '0.56', 28, 43, 'Normal'),
('b14b2dee-4d8f-450a-a435-bb5116281c3d', 'e0f3eab0-5cec-4eb5-add9-68311ca35cfb', '2024-04-25', 'CBC', 179.1, 14.2, 10.6, 265, '0.98', 25, 32, 'Normal'),
('a3f90442-3d84-4bd4-b248-fecf6daed6dc', 'e0f3eab0-5cec-4eb5-add9-68311ca35cfb', '2024-02-13', 'Lipid Panel', 174.0, 12.1, 10.9, 349, 1.36, 52, 38, 'Normal'),
('41bae6e3-06cd-4112-8722-c36c24648c9c', 'bb5e4bcf-15ed-4269-9429-6c07f26b4776', '2024-07-11', 'Thyroid Panel', 121.1, 14.9, 6.8, 328, '0.67', 59, 42, 'Critical'),
('6951fb78-d64d-499e-86b2-9688f1c5d17a', 'bb5e4bcf-15ed-4269-9429-6c07f26b4776', '2024-07-06', 'Lipid Panel', 149.3, 13.7, 5.2, 397, '0.88', 21, 48, 'Critical'),
('0f3b9afc-75bf-4542-b121-e11d9aba553f', '8cbfedb0-f264-4ccc-b9ac-1b1ea8e56e0c', '2024-08-12', 'Blood Panel', 98.1, 16.9, 10.5, 243, '0.78', 34, 20, 'Normal'),
('41295d6a-ace7-452f-99aa-70df3d180244', '8cbfedb0-f264-4ccc-b9ac-1b1ea8e56e0c', '2024-07-29', 'Blood Panel', 189.5, 17.2, 7.6, 335, 1.06, 42, 36, 'Normal'),
('0c0f939e-54d5-44d9-af36-aeb2c40da6ee', '8cbfedb0-f264-4ccc-b9ac-1b1ea8e56e0c', '2024-10-23', 'CBC', 166.1, 14.7, 8.8, 354, 1.01, 35, 46, 'Normal'),
('69642296-7abe-4e3b-a431-3a7cca2c4d8a', '8cbfedb0-f264-4ccc-b9ac-1b1ea8e56e0c', '2024-03-30', 'Blood Panel', 114.2, 13.5, 9.8, 312, 1.04, 55, 23, 'Normal'),
('417dafbe-371b-49bd-b2d1-4036f841d71d', 'badcc32a-c159-4f53-8a0f-4efbedcd465e', '2024-08-28', 'Blood Panel', 131.3, 17.5, 10.7, 191, '0.87', 39, 47, 'Normal'),
('a393aa44-1ad7-41d1-acc9-3ed0f85b7478', 'badcc32a-c159-4f53-8a0f-4efbedcd465e', '2024-10-16', 'Metabolic Panel', 183.8, 15.3, 5.7, 179, 1.48, 41, 25, 'Normal'),
('911a9f8a-f1eb-48c9-9a04-c0baa56bd9b5', 'badcc32a-c159-4f53-8a0f-4efbedcd465e', '2024-05-24', 'Metabolic Panel', 86.9, 15.3, 9.0, 324, '0.67', 48, 10, 'Normal'),
('cb0c7594-4645-4461-a08e-91c4169d3164', 'badcc32a-c159-4f53-8a0f-4efbedcd465e', '2024-04-14', 'Lipid Panel', 135.9, 15.9, 9.5, 270, '0.66', 44, 41, 'Normal'),
('8e0d7626-6869-4ff6-aaeb-2b49412c705d', '7394988f-847f-49b4-a64d-1bcb702753a1', '2024-04-28', 'CBC', 151.0, 17.1, 5.8, 362, 1.42, 55, 46, 'Abnormal'),
('0a7f9b55-5174-4466-9e87-dc99269cab7b', '7394988f-847f-49b4-a64d-1bcb702753a1', '2024-06-27', 'Blood Panel', 190.7, 17.2, 8.9, 198, '0.52', 18, 50, 'Normal'),
('10f1202e-2a5e-4b46-bfd7-deb31af09b26', '7394988f-847f-49b4-a64d-1bcb702753a1', '2024-02-22', 'Metabolic Panel', 149.3, 13.8, 8.1, 213, '0.62', 50, 29, 'Critical'),
('7727042e-98d3-46cb-bc87-eac0f5629042', '7394988f-847f-49b4-a64d-1bcb702753a1', '2024-05-24', 'Lipid Panel', 96.3, 13.6, 9.8, 165, '0.88', 17, 11, 'Normal'),
('00b534d6-3626-4663-b166-9ef5060df023', '01d74256-3860-4ab6-96a4-02f23ae8cc93', '2024-12-22', 'Blood Panel', 164.3, 16.5, 4.1, 241, 1.45, 31, 33, 'Normal'),
('2e1d6e0b-c30c-42c7-8ab4-799d7b5c2d1c', '01d74256-3860-4ab6-96a4-02f23ae8cc93', '2024-08-25', 'Lipid Panel', 197.7, 17.1, 9.3, 379, '0.53', 60, 30, 'Abnormal'),
('697521d5-29a8-4c52-b522-fb12b60091a5', '01d74256-3860-4ab6-96a4-02f23ae8cc93', '2024-07-20', 'Metabolic Panel', 109.6, 14.3, 8.7, 323, 1.49, 46, 20, 'Normal'),
('a939931e-dd97-4fff-ada3-c1ea77bcae28', '01d74256-3860-4ab6-96a4-02f23ae8cc93', '2024-07-14', 'Blood Panel', 193.7, 13.9, 6.8, 305, 1.47, 48, 46, 'Normal'),
('b9112e64-69d7-4402-968c-6fd679f49ed1', '01d74256-3860-4ab6-96a4-02f23ae8cc93', '2024-04-07', 'Lipid Panel', 131.3, 13.8, 6.5, 247, '0.93', 44, 13, 'Normal'),
('c2eb3487-b1b3-45ec-b2b1-049672bc012e', '839fbc50-1223-4513-9496-f63cdc1110c1', '2024-04-13', 'CBC', 111.4, 12.6, 6.3, 326, 1.41, 20, 39, 'Normal'),
('c997ed83-d20c-4cce-9485-7607571ea1a0', '839fbc50-1223-4513-9496-f63cdc1110c1', '2024-09-30', 'Thyroid Panel', 187.3, 15.2, 9.0, 395, 1.15, 21, 33, 'Normal'),
('3c135c46-8abf-498d-8c4d-d2cebf8aa4f7', '922fe15a-e1e3-4b63-af7d-dc76b92da22b', '2024-09-20', 'Thyroid Panel', 123.9, 15.1, 9.9, 383, 1.43, 15, 18, 'Normal'),
('94be83c9-6b73-4eff-9cc2-93952701a2b7', '922fe15a-e1e3-4b63-af7d-dc76b92da22b', '2024-09-19', 'Thyroid Panel', 106.0, 14.8, 6.8, 183, 1.28, 50, 28, 'Abnormal'),
('016963e9-0654-472c-91d6-0c1646c47d86', '922fe15a-e1e3-4b63-af7d-dc76b92da22b', '2024-05-15', 'Metabolic Panel', 133.6, 14.5, 10.1, 371, 1.46, 21, 18, 'Normal');

